-- phpMyAdmin SQL Dump
-- version 2.10.3
-- http://www.phpmyadmin.net
-- 
-- โฮสต์: localhost
-- เวลาในการสร้าง: 
-- รุ่นของเซิร์ฟเวอร์: 5.0.51
-- รุ่นของ PHP: 5.2.6

SET SQL_MODE="NO_AUTO_VALUE_ON_ZERO";

-- 
-- ฐานข้อมูล: `horpak_db`
-- 

-- --------------------------------------------------------

-- 
-- โครงสร้างตาราง `horpak`
-- 

CREATE TABLE `horpak` (
  `horpakId` varchar(5) NOT NULL,
  `horpakName` varchar(50) NOT NULL,
  `horpakTel` varchar(120) default NULL,
  `netDetail` varchar(100) default NULL,
  `unitWater` double default NULL,
  `unitElec` double default NULL,
  `deposit` varchar(200) default NULL,
  `detailMore` varchar(200) default NULL,
  `zoneId` varchar(5) NOT NULL,
  `horpak_typeId` varchar(5) NOT NULL,
  PRIMARY KEY  (`horpakId`),
  KEY `zoneId` (`zoneId`),
  KEY `horpak_typeId` (`horpak_typeId`)
) ENGINE=MyISAM DEFAULT CHARSET=utf8;

-- 
-- dump ตาราง `horpak`
-- 

INSERT INTO `horpak` VALUES ('1', 'วิภาเพลส', '02-326-618,081-919-4909', 'wifi ฟรี 10 MB', 16, 6, 'ค่ามัดจำ 10,000 บาท ล่วงหน้า 1 เดือน', 'มีคีย์การ์ด,กล้องวงจรปิด,มีส่วนลดในร้านเครื่องเขียน 10%+ร้านอาหาร', 'z2', 'ht3');
INSERT INTO `horpak` VALUES ('10', 'A&J Mantion', '087-4971933,02-3270209 กด 0', 'มีอินเทอร์เน็ตฟรี 1 MB', 17, 7, 'ค่ามัดจำตึกเก่า 1 เดือน,ตึกใหม่ห้องเล็ก 10,000 บาท', 'เสียค่าคีย์การ์ด 500 บาท,มีรปภ. 24 ชั่วโมง,ไม่จำกัดคนอยู่', 'z2', 'ht3');
INSERT INTO `horpak` VALUES ('100', 'บ้านสมปรารถนา 1-2', '084-7089932', 'มีอินเทอร์เน็ตแบบ wireless', 15, 6, 'ประกัน 2 เดือน จ่ายล่วงหน้า สัญญา 1 ปี', 'มีคีย์การ์ด', 'z1', 'ht3');
INSERT INTO `horpak` VALUES ('101', 'ดวงระวี', '081-7629797', 'มีอินเทอร์เน็ตแบบ wireless', 17, 7, 'จ่ายล่วงหน้า 2 เดือน จ่ายก่อนอยู่ สัญญา 1 ปี', 'มีโทรศัพท์ เคเบิล 80 ช่อง 100 บาท/เดือน', 'z1', 'ht1');
INSERT INTO `horpak` VALUES ('102', 'ป้าสนอง', '089-0034307', 'มีอินเทอร์เน็ตแบบ wireless 350 บาท/25 วัน', 15, 7, 'สัญญา 1 ปี', NULL, 'z1', 'ht3');
INSERT INTO `horpak` VALUES ('103', 'บ้านวรรณรัตน์', '02-7390014', 'ผู้พักต้องขออินเทอร์เน็ตเข้าทางโทรศัพท์หอพัก', 15, 7, 'จ่ายค่าประกันล่วงหน้า 2 เดือน  เงินประกัน 2,000 บาท', 'มีโทรศัพท์ประจำทุกห้อง,ห้องอาบน้ำกับห้องส้วมแยก ต่อ 1 ห้อง', 'z1', 'ht1');
INSERT INTO `horpak` VALUES ('104', 'บ้านศรัญญา 2', '081-8299240', 'มีอินเทอร์เน็ตแบบ wireless 350 บาท/25 วัน', 15, 7, 'ประกัน 6,000 บาท สัญญา 1 ปี', NULL, 'z1', 'ht1');
INSERT INTO `horpak` VALUES ('105', 'หอพักสมชาย', '02-3274853', 'มีอินเทอร์เน็ต', 15, 7, 'ประกัน 2 เดือน +500 บาท สัญญา 1 ปี', NULL, 'z1', 'ht2');
INSERT INTO `horpak` VALUES ('106', 'หอพักมะลิ', '086-5395464,02-3271015', 'มีอินเทอร์เน็ตฟรี เป็นสายแลน', 18, 6, 'ค่าประกัน 5,000 บาท+ ค่าห้อง 1 เดือน', 'มีเคเบิล 80 ช่อง มีคีย์การ์ด กล้องวงจรปิด ใต้หอมีร้านค้า', 'z1', 'ht1');
INSERT INTO `horpak` VALUES ('107', 'บ้านอิศรัตน์', NULL, 'มีอินเทอร์เน็ตแบบ wireless', 20, 6, 'ค่ามัดจำ 2,000 บาท', NULL, 'z1', 'ht1');
INSERT INTO `horpak` VALUES ('108', 'SSY Place', '089-4788303', 'มีอินเทอร์เน็ตแบบ wifi และ Maxnet', 18, 6, 'จ่ายค่ามัดจำ 2 เดือน+ค่าเช่า 1 เดือน', 'มีกล้องวงจรปิด คีย์การ์ด เครื่องทำน้ำอุ่น เคเบิลทีวี 80 ช่อง', 'z1', 'ht3');
INSERT INTO `horpak` VALUES ('109', 'รัตนอัมพร', '081-4891272', NULL, 17, 7, 'ประกัน 5,000 บาท จ่ายก่อนอยู่ สัญญา 1 ปี', 'มีโทรศัพท์ จานดาวเทียม 4 ช่อง', 'z1', 'ht2');
INSERT INTO `horpak` VALUES ('11', 'ทริปเปิ้ลเอเพลส', '081-3132340,087-7997736', 'อินเทอร์เน็ตฟรีห้องละ 1 user', NULL, NULL, NULL, NULL, 'z2', 'ht3');
INSERT INTO `horpak` VALUES ('110', 'ป้าลำเจียก 2', '02-3268851', 'มีอินเทอร์เน็ตแบบ wireless', 17, 6, 'ประกัน 3,000-5,000 บาท จ่ายก่อนอยู่ สัญญา 1 ปี', NULL, 'z1', 'ht4');
INSERT INTO `horpak` VALUES ('111', 'หอพักชาย VPI', '089-0520649', NULL, 15, 6, 'ค่ามัดจำ 5,200 บาท', NULL, 'z1', 'ht2');
INSERT INTO `horpak` VALUES ('112', 'หอพักหญิงกฤตเมธ', '089-5205706,085-1006288,02-3264276', 'มีอินเทอร์เน็ตแบบ wireless', 17, 8, 'ค่าประกัน 5,500 บาท สัญญา 1 ปี', NULL, 'z1', 'ht1');
INSERT INTO `horpak` VALUES ('113', 'JJ', '089-0520649,080-0454346', 'มีอินเทอร์เน็ตแบบ wireless ฟรี', 15, 6, 'ค่าประกัน 3,500 บาท สัญญา 1 ปี', NULL, 'z1', 'ht3');
INSERT INTO `horpak` VALUES ('114', 'ทรัพย์สัมฤทธิ์', '089-1425683', 'มีอินเทอร์เน็ตเป็นสายแลน 350 บาท/เดือน', 16, 6, 'ประกัน 6,000-6,500 บาท สัญญา 1 ปี', NULL, 'z1', 'ht2');
INSERT INTO `horpak` VALUES ('115', 'หอพักเอกนำชัย', '02-3274342-104,02-5392839', 'มีอินเทอร์เน็ตแบบ wireless', 18, 8, 'ประกัน 6,000 บาท จ่ายล่วงหน้า สัญญา 1 ปี', NULL, 'z1', 'ht3');
INSERT INTO `horpak` VALUES ('116', 'หอพักขวัญพยงค์1', '089-4920921,081-6488532', 'มีอินเทอร์เน็ตแบบ wireless', 15, 6, 'ประกัน 2 เดือน จ่ายก่อนอยู่ สัญญา 1 ปี', 'ubc 4 ช่อง', 'z1', 'ht2');
INSERT INTO `horpak` VALUES ('117', 'หอพักขวัญพยงค์2', '089-4920921,081-6488532', 'มีอินเทอร์เน็ตแบบ wireless', 15, 6, 'ประกัน 2 เดือน จ่ายก่อนอยู่ สัญญา 1 ปี', 'ubc 4 ช่อง', 'z1', 'ht1');
INSERT INTO `horpak` VALUES ('118', 'หอพักขวัญพยงค์3-4', '089-4920921,081-6488532', 'มีอินเทอร์เน็ตแบบ LAN', 15, 6, 'ประกัน 2 เดือน จ่ายก่อนอยู่ สัญญา 1 ปี', 'ubc 4 ช่อง', 'z1', 'ht3');
INSERT INTO `horpak` VALUES ('119', 'บ้านอิศรัตน์2', '086-3660377,089-6757192,02-3269467', 'มีอินเทอร์เน็ตแบบ wireless', 18, 6, 'ประกัน 2 เดือน จ่ายล่วงหน้า สัญญา 6 เดือน', 'มีโทรศัพท์', 'z1', 'ht1');
INSERT INTO `horpak` VALUES ('12', 'บ้านกลางสวน', '02-3269161,086-9085611', NULL, NULL, NULL, NULL, NULL, 'z2', 'ht3');
INSERT INTO `horpak` VALUES ('120', 'กมล', '081-9215653', 'มีอินเทอร์เน็ต 350 บาท/เดือน', 17, 7, 'ประกัน 6,000 บาท จ่ายก่อนอยู่ สัญญา 1 ปี', 'ดาวเทียม 4 ช่อง', 'z1', 'ht3');
INSERT INTO `horpak` VALUES ('121', 'เฉลิมศรี', '081-9161206,081-9893587', 'มีอินเทอร์เน็ตแบบ wireless', 18, 6, 'ประกัน 5,000 บาท จ่ายก่อนอยู่ สัญญา 1 ปี', 'ubc 4 ช่อง', 'z1', 'ht2');
INSERT INTO `horpak` VALUES ('122', 'CS HOUSE', '081-9161206,081-9893587', 'มีอินเทอร์เน็ตแบบ wifi 10 MB', 18, 6, 'ค่าจองห้อง 1000 บาท สัญญา 1 ปี ,ประกัน+ค่าห้อจองห้อง 6000 บาท', 'UBC ตู้น้ำ เครื่องซักผ้าหยอดเหรียญ กล้องวงจรปิด คีย์การ์ด', 'z1', 'ht3');
INSERT INTO `horpak` VALUES ('123', 'แตงกวา', '081-6823245,02-3264195', 'มีอินเทอร์เน็ตแบบ LAN ', 16, 6, 'ประกัน 6,000 บาท จ่ายก่อนอยู่ สัญญา 1 ปี', 'มี UBC', 'z1', 'ht4');
INSERT INTO `horpak` VALUES ('124', 'หอพักชาย J&W', '08106491327,02-7390292', 'มีอินเทอร์เน็ตแบบ LAN', 17, 6, 'ประกัน 2 เดือน จ่ายก่อนอยู่ สัญญา 1 ปี', 'ubc 4 ช่อง', 'z1', 'ht2');
INSERT INTO `horpak` VALUES ('125', 'หอพักหญิง J&W', '08106491327,02-7390292', 'มีอินเทอร์เน็ตแบบ LAN ', 17, 6, 'ประกัน 2 เดือน จ่ายก่อนอยู่ สัญญา 1 ปี', 'ubc 4 ช่อง', 'z1', 'ht1');
INSERT INTO `horpak` VALUES ('126', 'บ้านพักหญิง PK', NULL, 'มีอินเทอร์เน็ตแบบ LAN', NULL, NULL, 'ประกัน 6000 บาท+ค่าห้อง 1 เดือน', NULL, 'z1', 'ht1');
INSERT INTO `horpak` VALUES ('127', 'หอพักหญิงวิศุทา', '089-4880551,081-4834619', 'มีอินเทอร์เน็ตแบบ wireless ฟรี', 17, 6, 'ประกัน 2 เดือน จ่ายล่วงหน้า สัญญา 1 ปี', NULL, 'z1', 'ht1');
INSERT INTO `horpak` VALUES ('128', 'บ้านพงศ์ศักดิ์', '081-8666027', 'มีอินเทอร์เน็ตแบบ wireless', 17, 7, 'ประกัน 5,000-5,500 บาท จ่ายก่อนอยู่ สัญญา 1 ปี', 'มีเคเบิลv5-6 ช่อง', 'z1', 'ht3');
INSERT INTO `horpak` VALUES ('129', 'หอพักรัฐกานต์', '089-1416185,084-1692644', 'มีอินเทอร์เน็ตแบบ wireless ฟรี', NULL, 6, 'ประกัน 8600 บาท สัญญา 1 ปี', 'ubc 1 ช่อง', 'z1', 'ht3');
INSERT INTO `horpak` VALUES ('13', 'Work Point', '085-2540505,02-3264737', 'อินเทอร์เน็ต ประมาณ 30 MB แชร์ทั้งตึก', 17, 7, 'ค่าประกัน 9,000 บาท และล่วงหน้า 1 เดือน', 'มีคีย์การ์ด(หายใบละ 100 บาท ชำรุดเปลี่ยนได้),กล้องวงจรปิด,มีตู้เย็น ทีวีให้เช่า,ชั้น 2 หอหญิง ชั้น3-', 'z2', 'ht5');
INSERT INTO `horpak` VALUES ('130', 'สวีทโฮม', '089-1387231', 'มีอินเทอร์เน็ตแบบ wireless', 17, 7, 'ล่วงหน้า 2 เดือน ประกัน 5000 บาท', 'ubc 2 ช่อง', 'z1', 'ht2');
INSERT INTO `horpak` VALUES ('131', 'บ้านบัวอุไร', '02-3267455,081-6499584,081-5626880', 'มีอินเทอร์เน็ตแบบ wireless ฟรี', 15, 7, 'ประกัน 2,700 บาท จ่ายก่อนอยู่ สัญญา 1 ปี', 'เคเบิล 80 ช่อง', 'z1', 'ht2');
INSERT INTO `horpak` VALUES ('132', 'หอพักณิชา', '02-7390929,086-3088568', 'มีอินเทอร์เน็ต wireless ', 18, 7, 'ประกัน 15,000 บาท ไม่มีการทำสัญญารายปี', 'จานดาวเทียม 11 ช่อง ,แสกนนิ้วมือ ,มีรปภ.,กล้องวงจรปิด,มีห้องส่วนกลาง,มีเครื่องซักผ้าหยอดเหรียญ,ซักผ้าปูที่นอนทุกๆ 2 สัปดาห์', 'z1', 'ht1');
INSERT INTO `horpak` VALUES ('133', 'เหมกร', '081-1735615', 'มีอินเทอร์เน็ตแบบ wireless', 16, 6, 'ประกัน 2 เดือน จ่ายล่วงหน้า สัญญา 1 ปี', NULL, 'z1', 'ht4');
INSERT INTO `horpak` VALUES ('134', 'อร่ามศรี', '082-3235857,02-3266741', 'มีอินเทอร์เน็ตแบบ wireless', 15, 6, 'ประกัน 5,000 บาท', NULL, 'z1', 'ht6');
INSERT INTO `horpak` VALUES ('135', 'บ้านปฤษฏางค์บุตร 1-2', '02-3273431,089-6989056', 'มีอินเทอร์เน็ตแบบ wireless', 16, 6, 'ประกัน 5,000 บาท จ่ายก่อนอยู่ สัญญา 1 ปี', NULL, 'z1', 'ht6');
INSERT INTO `horpak` VALUES ('136', 'รัตนพร', '086-5241643,02-3275029', 'มีอินเทอร์เน็ต 350 บาท/เดือน', 17, 6, 'ประกัน 2 เดือน จ่ายก่อนอยู่ สัญญา 1 ปี', NULL, 'z1', 'ht2');
INSERT INTO `horpak` VALUES ('137', 'บ้านริมน้ำ', NULL, NULL, NULL, NULL, NULL, NULL, 'z3', 'ht6');
INSERT INTO `horpak` VALUES ('138', 'หอพักริมน้ำ', '081-6972604', 'มีอินเทอร์เน็ตแบบ LAN ', 18, 7, 'ประกัน 2 เดือน จ่ายล่วงหน้า สัญญา 1 ปี', 'คีย์การ์ด กล้องวงจรปิด', 'z3', 'ht3');
INSERT INTO `horpak` VALUES ('139', 'อาทิตย์อาร์พาร์ทเมนท์', '02-3269223,02-7390763', 'มีอินเทอร์เน็ตแบบ wireless', 18, 6, 'ประกัน 6,000 บาท จ่ายก่อนอยู่ สัญญา 1 ปี', 'คีย์การ์ด กล้องวงจรปิด', 'z3', 'ht1');
INSERT INTO `horpak` VALUES ('14', 'RNP Place ', '02-3264202 กด 0,086-4217013', 'มีอินเทอร์เน็ต 12 MB ของ 3BB(wireless) ฟรี', 17, 7, 'มัดจำห้อง 5,000 บาท ประกัน 10,000 บาท สัญญา 1 ปี', 'ค่าโทรศัพท์ในกทม. ครั้งละ 5 บาท มือถือคิดเป็นนาทีตามพื้นที่,โรงจอดรถเฉพาะลูกค้าม,มีร้านค้าต่างๆ', 'z2', 'ht3');
INSERT INTO `horpak` VALUES ('140', 'อิงน้ำเฮ้าท์', '084-0925383', 'มีอินเทอร์เน็ตแบบ LAN ', 18, 6, 'ประกัน 6,000-8,000 บาท จ่ายก่อนอยู่ สัญญา 1 ปี', NULL, 'z3', 'ht3');
INSERT INTO `horpak` VALUES ('141', 'ทวีทรัพย์', '02-7391199,085-1601351', 'มีอินเทอร์เน็ตแบบ wireless', 18, 7, 'ประกัน 5,000 บาท จ่ายก่อนอยู่ สัญญา 1 ปี', 'คีย์การ์ด', 'z3', 'ht3');
INSERT INTO `horpak` VALUES ('142', 'หอขาวริมคลอง', '085-540833,081-5540833', 'มีอินเทอร์เน็ตแบบ LAN ', 17, 5, 'ประกัน 2 เดือน จ่ายล่วงหน้า สัญญา 1 ปี', NULL, 'z3', 'ht1');
INSERT INTO `horpak` VALUES ('143', 'บ้านขวัญตาล', '02-3272689,087-5043754', 'มีอินเทอร์เน็ตแบบ LAN', 18, 7, 'ประกัน 2 เดือน จ่ายก่อนอยู่ สัญญา 1 ปี', NULL, 'z3', 'ht3');
INSERT INTO `horpak` VALUES ('144', 'My Place', '084-9265990(พี่เดือน)', 'มีสาย LAN  2 Mb 400 บ./เดือน', 20, 7, 'มัดจำ 2 เดือนของค่าเช่า', 'เคเบิล ลิฟต์ ฟิตเนส ที่จอดรถ', 'z5', 'ht4');
INSERT INTO `horpak` VALUES ('145', 'Richmond Park', '084-1447932', ' wifi 2 Mb  300 บ./เดือน  4 Mb 400 บ./เดือน', 15, 6, 'สัญญา 2 ปี ประกัน 2 เดือน + จ่ายล่วงหน้า 1 เดือน', 'ที่จอดรถ เคเบิล', 'z5', 'ht3');
INSERT INTO `horpak` VALUES ('146', 'Htb', '02-326-7182 , 081-8113924', 'มีอินเทอร์เน็ตแบบ LANและ wifi เดือนละ 300 บ. / เครื่อง', 17, 6, 'ประกัน 5,000 บาท (ล่วงหน้า 1 เดือน)', 'ค่าคีย์การ์ด 100 บ.  เคเบิล ที่จอดรถ กล้องวงจรปิด', 'z5', 'ht3');
INSERT INTO `horpak` VALUES ('147', 'Htb', '02-326-7182, 081-8113924', 'มีอินเทอร์เน็ตแบบ LANและ wifi เดือนละ 300 บ./เครื่อง', 17, 6, 'ประกัน 5,000 บาท', 'ค่าคีย์การ์ด 100 บาท เคเบิล ที่จอดรถ', 'z5', 'ht1');
INSERT INTO `horpak` VALUES ('148', 'กรกมล', '088-5037326', 'มีอินเทอร์เน็ตแบบ wireless', 20, 7, 'มัดจำ 2 เดือน + จ่ายล่วงหน้า 1 เดือน', 'ที่จอดรถ เคเบิล', 'z5', 'ht3');
INSERT INTO `horpak` VALUES ('149', 'หอพักชานสวน', '02-3266256,089-6629466,086-5730166', 'สาย LAN  เดือนละ 400 บ.', 16, 7, 'มัดจำ 2 เดือน + จ่ายล่วงหน้า 1 เดือน', 'เคเบิล 70 ช่อง คีย์การ์ด กล้องวงจรปิด', 'z5', 'ht3');
INSERT INTO `horpak` VALUES ('15', 'The Waterside Apartment', '086-5050807,02-3264647', 'ฟรี wireless 8 MB แชร์ 2 อาคาร', 17, 7, 'ค่ามัดจำ จ่าย2 เท่าของค่าห้อง', 'ค่าโทรศัพท์ 5 บาท/15 นาที โทรภายในไม่เสีย,ค่ากุญแจ 200  บาท,ค่าคีย์การ์ด 200 บาท,มีเคเบิลทีวี,กล้องว', 'z2', 'ht3');
INSERT INTO `horpak` VALUES ('150', 'หอพักบุญเล่ย์', '02-3270808', 'มีอินเทอร์เน็ตแบบ wireless', 16, 6, 'ประกัน 1 เดือน จ่ายก่อนอยู่ 1 เดือน สัญญา 1 ปี', 'มีคีย์การ์ด กล้องวงจรปิด เคเบิล', 'z5', 'ht3');
INSERT INTO `horpak` VALUES ('151', 'หอพักกรีนโฮม', ' 02-7283006,081-4469074', 'มีสาย LAN', 16, 7, 'มัดจำ ห้องเล็ก 5,000 บ.  ห้องเล็ก 6,000 บ.  ห้องใหญ่ 7,000 บ. ', 'มีคีย์การ์ด กล้องวงจรปิด เคเบิล', 'z5', 'ht4');
INSERT INTO `horpak` VALUES ('152', 'บ้านพัก', '081-4410495', NULL, 18, 6, 'ประกัน 2,500-5,000 บาท จ่ายก่อนอยู่ 1 เดือน', NULL, 'z5', 'ht4');
INSERT INTO `horpak` VALUES ('153', 'One home', '02-3267210,085-5103521,081-8180605', 'มีอินเทอร์เน็ตแบบ LAN ฟรี', 17, 6, 'มัดจำ 5,000 บาท จ่ายก่อนอยู่ 1 เดือน สัญญา 1 ปี', NULL, 'z5', 'ht3');
INSERT INTO `horpak` VALUES ('154', 'แมกไม้', '02-3266256 , 089-6629466', 'สาย LAN 400 บ./เดือน', 16, 7, 'มัดจำ 2 เท่าของค่าเช่า + ล่วงหน้า 1 เดือน', 'เคเบิล 100 บ./เดือน', 'z5', 'ht3');
INSERT INTO `horpak` VALUES ('155', 'ชมพูนุช', '02-3266256 , 0865730166', 'มีสาย LAN  400 บ. / เดือน', 16, 7, 'มัดจำ 2 เท่าของค่าเช่า + จ่ายล่วงหน้า 1 เดือน', '', 'z5', 'ht2');
INSERT INTO `horpak` VALUES ('156', '-', '089-6813738,089-2116995', 'มีอินเทอร์เน็ตแบบ LAN', 17, 7, 'มัดจำ 5,000 บาท จ่ายก่อนอยู่', 'มีคีย์การ์ด กล้องวงจรปิด', 'z5', 'ht3');
INSERT INTO `horpak` VALUES ('157', '-', '081-6395784', 'มีอินเทอร์เน็ตแบบ LAN', 17, 7, 'มัดจำ 5,000 บาท จ่ายก่อนอยู่', 'มีคีย์การ์ด กล้องวงจรปิด', 'z5', 'ht3');
INSERT INTO `horpak` VALUES ('158', 'ริมสวน', '02-3269578, 081-3017452', 'มีอินเทอร์เน็ตแบบ LAN 3 Mb เดือนละ 400', 16, 6, 'มัดจำ 5,000 บ./ ปี  ถ้าติดแอร์ใหม่ทำสัญญา 2 ปี', 'มีคีย์การ์ด  ชั้น 1-2 รวม  ชั้น 3-4 หญิง', 'z5', 'ht1');
INSERT INTO `horpak` VALUES ('159', 'หอพักเพชรรัตน์', NULL, 'เดินสายตรงเอง', 17, 7, 'มัดจำ 1 เดือน ล่วงหน้า 1 เดือน สัญญา 6 เดือน', NULL, 'z5', 'ht3');
INSERT INTO `horpak` VALUES ('16', 'U-PLACE 1 และ 2', '089-7617665,081-4929207,02-3266720', NULL, NULL, NULL, NULL, NULL, 'z2', 'ht3');
INSERT INTO `horpak` VALUES ('160', 'แสงตะวัน', '086-1119312 , 087-0502117', 'มีอินเทอร์เน็ตแบบ LAN', 18, 7, 'มัดจำ 5,000 บาท (จ่ายล่วงหน้า 1 เดือน) สัญญาปีต่อปี', 'คีย์การ์ด กล้องวงจรปิด เคเบิล เครื่องซักผ้าหยอดเหรียญ  ตู้น้ำ  ร้านซักรีด', 'z5', 'ht3');
INSERT INTO `horpak` VALUES ('161', 'หอพักชายราชพฤกษ์', '02-7391380-3 ต่อ 200', NULL, NULL, NULL, NULL, NULL, 'z7', 'ht2');
INSERT INTO `horpak` VALUES ('162', 'หอพักหญิงราชพฤกษ์', '02-7392920-8 ต่อ 0', 'มีอินเทอร์เน็ตแบบ wireless', 17, 5, 'ประกัน 6,000 บาท จ่ายก่อนอยู่', 'คีย์การ์ด กล้องวงจรปิด', 'z7', 'ht1');
INSERT INTO `horpak` VALUES ('163', 'บีบี', '02-7390905', NULL, NULL, NULL, NULL, NULL, 'z7', 'ht1');
INSERT INTO `horpak` VALUES ('164', 'ติวเตอร์', '085-8071641,087-6910540', NULL, 18, 6, 'ประกัน 2 เดือน+ 800 บาท จ่ายล่วงหน้า สัญญา 6 เดือน', NULL, 'z7', 'ht1');
INSERT INTO `horpak` VALUES ('165', 'บ้านไทย', '085-8071641', NULL, 18, 6, 'ประกัน 5,000 บาท จ่ายก่อนอยู่ สัญญา 6 เดือน', NULL, 'z7', 'ht3');
INSERT INTO `horpak` VALUES ('166', 'ณัฏฐุ์ดา', NULL, 'มีอินเทอร์เน็ต', 18, 6, 'จ่ายก่อนอยู่ 1 เดือน สัญญา 1 ปี', NULL, 'z7', 'ht3');
INSERT INTO `horpak` VALUES ('167', 'บ้านน่าอยู่', '089-4559582', NULL, 16, 6, 'ประกัน 1 เดือน+2,000 บาท', NULL, 'z7', 'ht3');
INSERT INTO `horpak` VALUES ('168', 'อภิสิทธ์ Home', '089-4905844', NULL, 16, 6, 'ประกัน 4,000 บาท จ่ายก่อนอยู่ สัญญา 6 เดือน', NULL, 'z7', 'ht3');
INSERT INTO `horpak` VALUES ('169', '', '086-1062006', NULL, 17, 7, 'จ่ายค่าประกันล่วงหน้า 1 เดือน', NULL, 'z7', 'ht3');
INSERT INTO `horpak` VALUES ('17', 'อริยทรัพย์เพลส', '02-3271680,086-5083944,084-1361368', 'อินเทอร์เน็ตฟรี 256 kb/ห้อง', 17, 7, 'ค่าประกัน 10,000 บาท', 'โทรศัพท์ภายนอกเสียเงิน โทรภายในไม่เสีย,คีย์การ์ดเข้าใหม่ได้ฟรี,มีกล้องวงจรปิด,รปภ. 24 ชั่วโมง', 'z2', 'ht3');
INSERT INTO `horpak` VALUES ('170', 'คณิตถา', '083-6101599', 'มีอินเทอร์เน็ต', 18, 6, 'ประกัน 5,000 บาท จ่ายก่อนอยู่ สัญญา 6 เดือน', NULL, 'z7', 'ht3');
INSERT INTO `horpak` VALUES ('171', 'พรพรหม', '086-5604896', 'มีอินเทอร์เน็ต', 17, 8, 'ประกัน 5,000 บาท สัญญา 1 ปี', NULL, 'z7', 'ht3');
INSERT INTO `horpak` VALUES ('172', 'ภาสุเพลส Pasu Place', '081-5669709[ต่าย]', 'มีอินเทอร์เน็ต', 17, 8, 'ประกัน 5,000 บาท จ่ายก่อนอยู่', 'UBC 100 บาท/เดือน และ Internet(wifi) 100 บาท/เดือน', 'z7', 'ht3');
INSERT INTO `horpak` VALUES ('173', 'เจริญชัย', '087-0122289', 'มีอินเทอร์เน็ตแบบ wireless', 18, 6, 'ประกัน 2,500 บาท จ่ายก่อนอยู่ สัญญา 1 ปี', NULL, 'z7', 'ht3');
INSERT INTO `horpak` VALUES ('174', 'เจสัน', '089-5052040', 'ต่ออินเทอร์เน็ตเอง', 17, 6, 'ประกัน 3,500 บาท สัญญา 6 เดือน', NULL, 'z7', 'ht3');
INSERT INTO `horpak` VALUES ('175', 'คุณกิติ', '081-8446202', 'ต่ออินเทอร์เน็ตเอง', 16, 6, 'มัดจำ 4,000 บาท จ่ายก่อนอยู่ สัญญา 6 เดือน', NULL, 'z7', 'ht3');
INSERT INTO `horpak` VALUES ('176', 'สบายเพลส', '081-4521122', 'มีอินเทอร์เน็ต', 17, 6, 'ประกัน 5,400 บาท สัญญา 6 เดือน', NULL, 'z7', 'ht3');
INSERT INTO `horpak` VALUES ('177', 'B.B.S', '086-337-7940', NULL, NULL, NULL, NULL, NULL, 'z4', 'ht2');
INSERT INTO `horpak` VALUES ('178', 'เลิศประดิษฐ์', '02-7391329,083-2798811,086-5269051', 'มีอินเทอร์เน็ต', 15, 6, 'ประกัน 4,000 บาท สัญญา 6 เดือน', NULL, 'z7', 'ht3');
INSERT INTO `horpak` VALUES ('179', 'จารุรัตน์', '02-7283227', 'มีอินเทอร์เน็ตแบบ LAN', 18, 6, 'ประกัน 3,000 บาท จ่ายก่อนอยู่ ', NULL, 'z7', 'ht3');
INSERT INTO `horpak` VALUES ('18', 'Papa-Mama', '085-4097676,089-0258566', NULL, NULL, NULL, NULL, NULL, 'z2', 'ht3');
INSERT INTO `horpak` VALUES ('180', 'เตปิติ', '085-3540136', 'มีอินเทอร์เน็ตแบบ wireless', 16, 7, 'ประกัน 6,000 บาท จ่ายล่วงหน้า สัญญา 6 เดือน', 'เคเบิล 2 ช่อง UBC 2 ช่อง', 'z7', 'ht3');
INSERT INTO `horpak` VALUES ('181', 'ภูดิส', NULL, NULL, NULL, NULL, NULL, NULL, 'z7', 'ht6');
INSERT INTO `horpak` VALUES ('182', 'บ้านอัญชลีพร', NULL, NULL, NULL, NULL, NULL, NULL, 'z7', 'ht6');
INSERT INTO `horpak` VALUES ('183', 'กนิษฐา', NULL, NULL, NULL, NULL, NULL, NULL, 'z7', 'ht6');
INSERT INTO `horpak` VALUES ('184', 'ป้าจินดา', NULL, NULL, NULL, NULL, NULL, NULL, 'z7', 'ht1');
INSERT INTO `horpak` VALUES ('185', 'เรือนแก้ว', NULL, NULL, NULL, NULL, NULL, NULL, 'z7', 'ht6');
INSERT INTO `horpak` VALUES ('186', '-', NULL, NULL, NULL, NULL, NULL, NULL, 'z7', 'ht3');
INSERT INTO `horpak` VALUES ('187', 'ออมสิน', NULL, NULL, NULL, NULL, NULL, NULL, 'z1', 'ht6');
INSERT INTO `horpak` VALUES ('188', 'ณหทัย', NULL, NULL, NULL, NULL, NULL, NULL, 'z1', 'ht6');
INSERT INTO `horpak` VALUES ('189', 'หอนาคบำรุงศรี3/3', NULL, NULL, NULL, NULL, NULL, NULL, 'z1', 'ht6');
INSERT INTO `horpak` VALUES ('19', 'ธัญญลักษณ์เฮ้าท์', '02-3270297', 'มีอินเทอร์เน็ต แบบwifi แบบเสียเงินรายชั่วโมง และรายเดือน', 16, 7, 'ค่ามัดจำ 4,500 บาท', 'มีโทรศัพท์สามารถโทรภายในได้ ถ้าโทรภายนอกต้องติดต่อ office ,ค่าคีย์การ์ด ใบละ 200 บาท ,มีกล้องวงจรปิด', 'z2', 'ht3');
INSERT INTO `horpak` VALUES ('190', 'เบญจรัตน์', NULL, NULL, NULL, NULL, NULL, NULL, 'z1', 'ht6');
INSERT INTO `horpak` VALUES ('191', 'ไฉไล', NULL, NULL, NULL, NULL, NULL, NULL, 'z2', 'ht6');
INSERT INTO `horpak` VALUES ('2', 'Garden Home', '081-9208024', 'ชั้น 1-3 free ชั้น 4 เสียเงิน', 15, 6, 'ค่ามัดจำ 2 เดือนของค่าเช่า', 'มีคีย์การ์ด,CCTV 23 ตัว,มีรปภ. 1 ทุ่มถึง 8 โมงเช้า,โทรศัพท์ออกภายนอกเสียเงิน(เบอร์ 02 เสีย 5 บาท)', 'z2', 'ht4');
INSERT INTO `horpak` VALUES ('20', 'กนกพร Place', '02-3270117-8,081-6455673', NULL, NULL, NULL, NULL, NULL, 'z2', 'ht3');
INSERT INTO `horpak` VALUES ('21', 'The Ioon Place', '02-3270286-9', NULL, NULL, NULL, NULL, NULL, 'z2', 'ht2');
INSERT INTO `horpak` VALUES ('22', 'มายเฮ้าส์', '081-3127988', 'มีอินเทอร์เน็ต', NULL, NULL, NULL, NULL, 'z2', 'ht4');
INSERT INTO `horpak` VALUES ('23', 'เอส.ที.ศรีทอง เพลส 1,2', '02-327-0771-4,086-3680362,086-3193657', 'มีอินเทอร์เน็ต แบบ wifi', NULL, NULL, NULL, 'มีรปภ. 24 ชั่วโมง,ระบบไฟฉุกเฉิน บันไดหนีไฟ,มีระบบโทร?ัศน์วงจรปิด,มีคีย์การ์ด,มีโทรศัพท์ส่วนตัว', 'z2', 'ht3');
INSERT INTO `horpak` VALUES ('24', 'จริยาเพลส(อยู่ก่อนถึง RNP)', NULL, NULL, NULL, NULL, NULL, NULL, 'z2', 'ht3');
INSERT INTO `horpak` VALUES ('25', 'สุนิสาเพลส', '087-0294741,089-6266228,02-3269029-30', 'มีอินเทอร์เน็ต ชั้นละ 8 MB', 17, 7, 'ค่าประกัน 3,700 บาท', 'มีโทรศัพท์โทรภายในฟรี ภายนอกเสียเงิน,มีคีย์การ์ด ค่าประกันคีย(์การ์ด 500 บาท/ชุด,กล้องวงจรปิด 8 ตัว,', 'z2', 'ht3');
INSERT INTO `horpak` VALUES ('26', 'BBS หญิง', '02-7390909', NULL, NULL, NULL, NULL, NULL, 'z4', 'ht1');
INSERT INTO `horpak` VALUES ('27', 'MAI', '081-6972604,089-8925', 'มีอินเทอรเน็ต แบบ lan ฟรี', 18, 7, 'ค่ามัดจำ 2 เดือน สัญญา 1 ปี', NULL, 'z4', 'ht3');
INSERT INTO `horpak` VALUES ('28', 'หอพักยุคลรัตน์', '089-8925648', NULL, NULL, NULL, NULL, NULL, 'z4', 'ht3');
INSERT INTO `horpak` VALUES ('29', 'ชัยพฤกษ์', '02-7390277-80', 'มีอินเทอร์เน็ตแบบ lan 400 บาท 2 M', 20, 6, 'ค่ามัดจำ 5200 บาท สัญญา 6 เดือน', NULL, 'z4', 'ht2');
INSERT INTO `horpak` VALUES ('3', 'กัลยรัตน์แมนชั่น1-2', '081-6363728', 'มี wireless ฟรี', 16, 7, '', 'เคเบิ้ลทีวีฟรี', 'z2', 'ht3');
INSERT INTO `horpak` VALUES ('30', 'ทิพย์วารี', '02-7391771,086-51130', NULL, 18, 7, 'ค่ามัดจำ 2 เดือน สัญญา 6 เดือน', NULL, 'z4', 'ht3');
INSERT INTO `horpak` VALUES ('31', 'FBT', '086-5441580', 'Wifi เดือนละ 400 บาท', 17, 7, 'มัดจำ 2 เดือน ค่าเช่าเดือนแรก 1 เดือน', NULL, 'z3', 'ht4');
INSERT INTO `horpak` VALUES ('32', 'SK PLACE', '085-9375394', 'FREE', 17, 7, 'มัดจำ 2 เดือน + ค่าเช่าล่วงหน้า 1 เดือน', 'FREE CABLE', 'z7', 'ht3');
INSERT INTO `horpak` VALUES ('33', 'ณัฏฐ์สุดา 1', '086-1553569', 'Wifi Free', 18, 7, 'ค่ามัดจำ 8300 + ประกัน', NULL, 'z7', 'ht3');
INSERT INTO `horpak` VALUES ('34', 'ทรัพย์สมบัติ', '02-3268098', 'Wifi เดือนละ 350 บาท', 18, 7, 'ปีละ 6000 บาท', NULL, 'z3', 'ht1');
INSERT INTO `horpak` VALUES ('35', 'ฮ่องเต้', '089-9894123', 'Wifi Free', 16, 6, 'ล่วงหน้า 2 เดือน  ค่าเช่าพัดลม 2700  ห้องแอร์ 3000', NULL, 'z7', 'ht3');
INSERT INTO `horpak` VALUES ('36', 'ทวีทรัพย์', '02-7391100', 'Wifi เดือนละ 300', 18, 7, 'ค่ามัดจำ 5000 บาท สัญญา 1 ปี', NULL, 'z7', 'ht3');
INSERT INTO `horpak` VALUES ('37', 'บ้านโอ๋-เอ็กซ์', '02-739-0558', 'Wifi เดือนละ100 บาท', 18, 8, 'ล่วงหน้า 1 เดือน ประกัน 1000 บาท', NULL, 'z7', 'ht3');
INSERT INTO `horpak` VALUES ('38', 'บ้านพักยุ้งทอง', '084-5308180', 'Free', 17, 7, '4000 บาท (6 เดือน)', NULL, 'z7', 'ht3');
INSERT INTO `horpak` VALUES ('39', 'หอพักสตรีเอี่ยมสุข', '081-615-0907', 'มีอินเทอร์เน็ตแบบ LAN', 17, 7, 'ประกัน 2 เดือน จ่ายก่อนอยู่ สัญญา 1 ปี', 'UBC 4 ช่อง', 'z7', 'ht1');
INSERT INTO `horpak` VALUES ('4', 'B.B.S', '086-337-7940', NULL, NULL, NULL, NULL, NULL, 'z4', 'ht3');
INSERT INTO `horpak` VALUES ('40', 'ดุสิตโฮม', '02-3277344 กด 0', 'อินเทอร์เน็ตแบบ lan ฟรี', 18, 6, 'ประกัน 5,000 บาท จ่าย 1 เดือน สัญญา 1 ปี', NULL, 'z6', 'ht3');
INSERT INTO `horpak` VALUES ('41', 'ฟูอัน', '084-1331698,089-1722863', 'อินเทอร์เน็ตแบบ wireless 100 บาท', 17, 7, 'ประกัน 2 เดือน จ่ายล่วงหน้า 1 เดือน สัญญา 1 ปี', NULL, 'z6', 'ht3');
INSERT INTO `horpak` VALUES ('42', 'ดวงวิมล', '081-9043445', NULL, 18, 7, 'ประกัน 6,600 บาท สัญญา 1 ปี', 'เคเบิล 80 ช่อง', 'z6', 'ht3');
INSERT INTO `horpak` VALUES ('43', 'บ้านเทพวรรณ', '02-7283355,087-1060401', 'wifi เดือนละ 300/500 บาท', 17, 7, 'มัดจำ 7,000 บาท + จ่ายล่วงหน้า 1 เดือน', 'เคเบิล 80 ช่อง,มีลานจอดรถ,ติดกับร้านขายของ', 'z6', 'ht3');
INSERT INTO `horpak` VALUES ('44', 'ปิ่นทิพย์', '089-9205224,085-1304103', NULL, 17, 6, 'ประกัน 2 เดือน จ่ายก่อนอยู่ สัญญา 6 เดือน', 'มีคีย์การ์ด,เคเบิล 70 ช่อง', 'z6', 'ht3');
INSERT INTO `horpak` VALUES ('45', 'สราญรมย์', '081-8450298', NULL, 18, 6, 'ประกัน 2 เดือน จ่ายก่อนอยู่ สัญญา 6 เดือน', 'มีคีย์การ์ด,เคเบิล 70 ช่อง', 'z6', 'ht3');
INSERT INTO `horpak` VALUES ('46', 'บ้านตะวันนา', '086-6679137 , 082-3269530', 'อินเทอร์เน็ต แบบ wireless 512K 500 บาท', 17, 6, 'ประกัน 2 เดือน จ่ายก่อนอยู่ 1 เดือน สัญญา 12 เดือน', 'ubc 2 ช่อง ฟรี', 'z6', 'ht3');
INSERT INTO `horpak` VALUES ('47', 'น้ำทิพย์', '089-9205224,085-1304103', NULL, 17, 6, 'ประกัน 2 เดือน จ่ายก่อนอยู่ สัญญา 6 เดือน', 'มีคีย์การ์ด,เคเบิล 70 ช่องฟรี', 'z6', 'ht3');
INSERT INTO `horpak` VALUES ('48', 'อนุสรณ์', NULL, NULL, NULL, NULL, NULL, NULL, 'z6', 'ht3');
INSERT INTO `horpak` VALUES ('49', 'Bangkok Pearls', '081-4854581', 'อินเทอร์เน็ต แบบ lan 350 บาท/เดือน', 17, 7, 'ประกัน 3,000 บาท จ่ายก่อนอยู่ สัญญา 6-12 เดือน', NULL, 'z6', 'ht3');
INSERT INTO `horpak` VALUES ('5', 'หอพักถาวรพฤกษ์', '081-8313622,081-3022033', '', 0, 0, '', '', 'z2', 'ht3');
INSERT INTO `horpak` VALUES ('50', 'บ้านกลางซอย', '086-6679137', 'อินเทอร์เน็ต แบบ wireless 512K 500 บาท', 17, 6, 'ประกัน 2 เดือน จ่ายก่อนอยู่ สัญญา 1 ปี', 'UBC 2 ช่องฟรี', 'z6', 'ht2');
INSERT INTO `horpak` VALUES ('51', 'เทพรักษ์', '081-6393408,081-7010841', 'wifi ', 17, 7, 'ประกัน 4,000 บาท จ่ายก่อนอยู่ สัญญา 1 ปี', 'True visions', 'z6', 'ht1');
INSERT INTO `horpak` VALUES ('52', 'Chotirak Place', '084-1143676(อารักษ์)', 'wifi 4 MB 400บาทต่อเดือน', 18, 7, 'มัดจำ 8,000 บาท ', 'มี UBC 4 ช่อง,ดาวเทียม 14 ช่อง,มีลานจอดรถ', 'z6', 'ht3');
INSERT INTO `horpak` VALUES ('53', 'พาร์คโฮม แมนชั่น', '02-3266077,086-3641791', 'มีอินเทอร์เน็ต แบบ wireless 256K 490 บาทต่อเดือน', 0, 7, 'ค่าประกัน 6,000 บาท จ่ายล่วงหน้า สัญญา 6 เดือน', 'มีฟิตเนส,มี UBC 3 ช่องฟรี,ใต้หอมีร้านถ่ายเอกสาร', 'z6', 'ht3');
INSERT INTO `horpak` VALUES ('54', 'กมลวัฒ อพาร์ทเม้นท์', '081-9215653,081-4985059', 'มีอินเทอร์เน็ตแบบ LAN 512K 350 บาทต่อเดือน', 17, 7, 'ค่าประกัน 8,000 บาท จ่ายก่อนอยู่ สัญญา 6 เดือน', NULL, 'z6', 'ht3');
INSERT INTO `horpak` VALUES ('55', 'ออคิด', '02-7391020-2', NULL, 17, 7, 'ค่าประกัน 6,000 บาท จ่ายก่อนอยู่ สัญญา 6 เดือน', 'มีสระว่ายน้ำ,ฟิตเนส,เคเบิล 70 ช่องฟรี', 'z6', 'ht3');
INSERT INTO `horpak` VALUES ('56', 'อัธยาศัย 3', '081-4552041', NULL, NULL, NULL, NULL, 'มีเคเบิล,ลานจอดรถ,ระเบียง,ฟิตเนส,คีย์การ์ด,มีรปภ.', 'z6', 'ht3');
INSERT INTO `horpak` VALUES ('57', 'บ้านไทยแสนสุข', '02-3267504', 'มีอินเทอร์เน็ตแบบ LAN 350 บาทต่อเดือน', 18, 7, 'ค่าประกัน 2 เดือน จ่ายก่อนอยู่ สัญญา 1 ปี', 'UBC 3 ช่อง', 'z6', 'ht1');
INSERT INTO `horpak` VALUES ('58', 'อยู่สบาย', '085-9078263', 'มีอินเทอร์เน็ต แบบ LAN 256K 450 บาทต่อเดือน', 17, 6, 'ค่าประกัน 2 เดือน จ่ายก่อนอยู่ สัญญา 6 เดือน', 'มีคีย์การ์ด,มีจานดาวเทียม 6 ช่อง', 'z6', 'ht3');
INSERT INTO `horpak` VALUES ('59', 'บ้านสตรีร่มรื่น', '02-3277179-88,089-0489977', 'มีอินเทอร์เน็ตแบบLAN 512K 500 บาทต่อเดือน', 16, 7, 'ประกัน 2 เดือน สัญญา 6 เดือน', 'มีเคเบิลทีวี 80 ช่องฟรี,มีรปภ.,มีคีย์การ์ด,มีกล้องวงจรปิด,ใต้หอมีร้านเช่าหนังสือการ์ตูน ร้านซักอบรีด', 'z6', 'ht1');
INSERT INTO `horpak` VALUES ('6', 'Top House', '02-3267552-3', 'มีอินเทอร์เน็ต', 15, 6, 'จ่ายล่วงหน้า 1 เดือน ค่ามัดจำ 2 เดือน', 'ค่าโทรศัพท์เสียตามอัตราการใช้,มีไมโครเวฟและน้ำแข็งส่วนกลางฟรี,มีคีย์การ์ด,กล้องcctv', 'z2', 'ht3');
INSERT INTO `horpak` VALUES ('60', 'หอพักชายสุวรรณ 2', NULL, NULL, NULL, NULL, NULL, NULL, 'z6', 'ht2');
INSERT INTO `horpak` VALUES ('61', 'แสงไพศาล', '084-6404881,02-3270459-60', 'มีอินเทอร์เน็ต แบบ LAN ฟรี', 18, 7, 'ค่าประกัน 5,000 บาท จ่ายก่อนอยู่  สัญญา 1 ปี', 'มีเคเบิล 80 ช่อง,ใต้หอมีร้านตัดผม สปา ร้านขายยา internet cafe', 'z6', 'ht1');
INSERT INTO `horpak` VALUES ('62', 'บ้านอัธยาศัย', '081-4552041', 'สาย LAN 400 บาทต่อเดือน', 18, 7, 'มัดจำ 4,000 บาท จ่ายก่อนอยู่  สัญญา 6 เดือน', 'เคเบิลฟรี', 'z6', 'ht1');
INSERT INTO `horpak` VALUES ('63', 'สมบัติ', '081-2594643', 'มีอินเทอร์เน็ต แบบ LAN 300 บาทต่อเดือน', 17, 7, 'ค่าประกัน 6,000-8,000 บาท สัญญา 6 เดือน', NULL, 'z6', 'ht3');
INSERT INTO `horpak` VALUES ('64', 'บารอม', '081-8315658', 'มีอินเทอร์เน็ต แบบ wireless ฟรี', 18, 7, 'ประกัน 2 เดือน จ่ายล่วงหน้า สัญญา 1 ปี', 'มีเคเบิล 80 ช่อง', 'z6', 'ht3');
INSERT INTO `horpak` VALUES ('65', 'พาร์คโฮมพูล', '02-7283088', 'มีอินเทอร์เน็ต แบบ LAN 490 บาทต่อเดือน', 17, 7, 'ค่าประกัน 6,000 บาท จ่ายก่อนอยู่  สัญญา 1 ปี', 'มี UBC 3 ช่อง,สระว่ายน้ำ,ฟิตเนส,แสกนนิ้วมือ', 'z6', 'ht3');
INSERT INTO `horpak` VALUES ('66', 'โพยา ไพรเวส', '080-0681999', 'มีอินเทอร์เน็ต แบบ LAN ฟรี', 18, 8, 'ค่าประกัน 6,000 บาท จ่ายก่อนอยู่  สัญญา 1 ปี', 'มี UBC 4 ช่อง', 'z6', 'ht3');
INSERT INTO `horpak` VALUES ('67', 'บ้านพิราภรณ์', '081-4854581', NULL, NULL, NULL, NULL, NULL, 'z6', 'ht6');
INSERT INTO `horpak` VALUES ('68', 'หอพักชายสุวรรณ 1', NULL, NULL, NULL, NULL, NULL, NULL, 'z6', 'ht2');
INSERT INTO `horpak` VALUES ('69', 'บ้านอัธยาศัย2', NULL, NULL, NULL, NULL, NULL, NULL, 'z6', 'ht6');
INSERT INTO `horpak` VALUES ('7', 'White Oak Apartment', NULL, NULL, NULL, NULL, NULL, NULL, 'z2', 'ht3');
INSERT INTO `horpak` VALUES ('70', 'วลีรัตน์', NULL, 'เน็ตขอเอง', 19, 7, '4500 สัญญา 6 เดือน', NULL, 'z4', 'ht3');
INSERT INTO `horpak` VALUES ('71', 'T.C. Pack', '084-1447932', 'Wireless 500 บาท/เดือน ( 512k )', 17, 6, NULL, 'มีคีย์การ์ด  กล้องวงจรปิด UBC', 'z7', 'ht3');
INSERT INTO `horpak` VALUES ('72', 'หอพักมณีสุข', '02-326-9628', 'มีอินเทอร์เน็ตแบบ wireless', 16, 7, 'ประกัน 4,000 บาท จ่ายก่อนอยู่ สัญญา 1 ปี', 'คีย์การ์ด กล้องวงจรปิด', 'z7', 'ht6');
INSERT INTO `horpak` VALUES ('73', 'บ้านศิริพร', '02-3269539,089-5117965', 'มีอินเทอร์เน็ตแบบ wireless', 18, 6, 'ประกัน 5,000 บาท จ่ายก่อนอยู่ สัญญา 1 ปี', 'มีเคเบิล 80 ช่อง คีย์การ์ด', 'z7', 'ht1');
INSERT INTO `horpak` VALUES ('74', 'หอพักตะโก้', '085-941-1188', NULL, NULL, NULL, 'ประกัน 2 เดือน', 'กล้องวงจรปิด คีย์การ์ด', 'z7', 'ht6');
INSERT INTO `horpak` VALUES ('75', 'หอชินบัญชร', '081-2088809,084-0215066', 'Wifi เดือนละ 300บาท', NULL, NULL, 'จ่ายล่วงหน้า ตามค่าห้อง', NULL, 'z7', 'ht3');
INSERT INTO `horpak` VALUES ('76', 'หอพักเจริญใจ', '02-7390540-41(ติดต่อเวลา 17.00-18.00 น.),02-3269376(ติดต่อเวลา 18.00-21.00 น.)', NULL, NULL, NULL, NULL, NULL, 'z7', 'ht4');
INSERT INTO `horpak` VALUES ('77', 'บ้านศิริสุนีย์', '080-2707005,087-3915202', 'มีอินเทอร์เน็ตแบบ LAN', 17, 6, 'ประกัน 7,000 บาท จ่ายก่อน 1 เดือน', NULL, 'z7', 'ht3');
INSERT INTO `horpak` VALUES ('78', 'หอพักจันทกาญจน์', '081-6378394', NULL, 18, 6, 'ประกัน 4,000 บาท จ่ายก่อนอยู่ 1 เดือน สัญญา 6 เดือน', NULL, 'z7', 'ht6');
INSERT INTO `horpak` VALUES ('79', 'บ้านพักสตรีกอบัว', '02-3269220', 'มีอินเทอร์เน็ต ฟรี', 18, 7, 'ประกัน 2 เดือน จ่ายก่อนอยู่ สัญญา 1 ปี', NULL, 'z7', 'ht6');
INSERT INTO `horpak` VALUES ('8', 'แสงวัฒนาแมนชั่น', '02-3270088-55', 'มีอินเทอร์เน็ต', 7, 17, 'ค่ามัดจำ 9,000 บาท(ห้องธรรมดา),16,000-20,000 บาท(ห', 'ค่าโทรศัพท์ ครั้งละ 6 บาท,เสียค่าคีย์การ์ด 100 บาท,กล้องวงจรปิด', 'z2', 'ht4');
INSERT INTO `horpak` VALUES ('80', 'สิริพรรณ', '080-2707005,02-7391520-2', NULL, NULL, NULL, NULL, NULL, 'z7', 'ht1');
INSERT INTO `horpak` VALUES ('81', 'หอนาคบำรุงศรี 1(หอใหม่)', '081-8256955', 'อินเตอร์เน็ต 2M เดือนละ 300 บาท', 16, 6, 'ประกัน6000 ล่วงหน้า 1 เดือน', 'มีเฟอร์นิเจอร์เหมือนกันหมด ยกเว้น หอ 4-5', 'z1', 'ht1');
INSERT INTO `horpak` VALUES ('82', 'หอนาคบำรุงศรี 2', '081-8256955', 'อินเตอร์เน็ต 2M เดือนละ 300 บาท', 16, 6, 'ประกัน6000 ล่วงหน้า 1 เดือน', 'มีเฟอร์นิเจอร์เหมือนกันหมด ยกเว้น หอ 4-5', 'z1', 'ht2');
INSERT INTO `horpak` VALUES ('83', 'นาคบำรุงศรี 4-5', '081-8256955', 'อินเตอร์เน็ต 2M เดือนละ 300 บาท เคเบิ้ลฟรี', 16, 6, 'ประกัน 3000+ล่วงหน้า 1 เดือน', 'มีเฟอร์นิเจอร์เหมือนกันหมด ยกเว้น หอ 4-5', 'z1', 'ht2');
INSERT INTO `horpak` VALUES ('84', 'นาคบำรุงศรี 6-8', '081-8256955', 'อินเตอร์เน็ต 2M เดือนละ 300 บาท เคเบิ้ลฟรี', 16, 6, 'ประกัน 6000 + ล่วงหน้า 1 เดือน', 'มีเฟอร์นิเจอร์เหมือนกันหมด ยกเว้น หอ 4-5', 'z1', 'ht3');
INSERT INTO `horpak` VALUES ('85', 'นาคบำรุงศรี 9-10', '081-825-6955', 'อินเตอร์เน็ตเดือนละ 300 บาท  2M เคเบิ้ลฟรี', 16, 6, 'ประกัน 5000+ล่วงหน้า 1 เดือน', 'มีเฟอร์นิเจอร์เหมือนกันหมด ยกเว้น หอ 4-5', 'z1', 'ht3');
INSERT INTO `horpak` VALUES ('86', 'กัลยรัตน์', '081-636-3728', 'มี ', 16, 6, '2 เดือนของค่าเช่าห้อง', 'เคเบิ้ล 80 กว่าช่อง,มีโทรศัพท์ภายในห้อง', 'z1', 'ht3');
INSERT INTO `horpak` VALUES ('87', 'บ้านจ้อยช้างเนียม', '081-101-6040', 'Wifi บัตร 1 เดือน  2M = 300บาท 4M = 400 บาท', 18, 7, 'ติดต่อได้ที่เจ้าของหอ', NULL, 'z1', 'ht4');
INSERT INTO `horpak` VALUES ('88', 'หอพักลำเจียก 1-2', '089-6635045', 'Wifi เดือนละ 350 บาท', 18, 7, 'ประกัน 5000 บาท ไม่มีล่วงหน้า(หอ1   3000 บาท)', NULL, 'z1', 'ht4');
INSERT INTO `horpak` VALUES ('89', 'เปี่ยมอรุณ', '081-4259741', 'ซื้อบัตร 350/30วัน 16M ไม่ให้สมัครเน็ตนอก', 15, 7, 'ประกัน 3300+ล่วงหน้า1เดือน 2700', 'เคเบิ้ล 70 ช่อง', 'z1', 'ht3');
INSERT INTO `horpak` VALUES ('9', 'ฉลองกรุง1', '084-3349797,081-4279977,02-3270850-2', 'มีอินเทอร์เน็ตฟรี', 15, 6, 'ค่ามัดจำ 10,000 บาท', 'มีโทรศัพท์,กล้องวงจรปิด,เคเบิลทีวี', 'z2', 'ht2');
INSERT INTO `horpak` VALUES ('90', 'สุรัชนี1-2', '089-1445981', 'เน็ต 2M/4M Wifu+Lan(เสียค่าบริการเดือนละ 100บาท)', 18, 6, 'ประกัน(พัดลม5000 และ แอร์ 6000)+ล่วงหน้า1เดือน', 'เคเบิ้ลทรู', 'z1', 'ht3');
INSERT INTO `horpak` VALUES ('91', 'ผัดโฉย', 'ผัดโฉย', 'ติดตั้งเอง', 17, 6, 'ประกัน 5000', NULL, 'z1', 'ht3');
INSERT INTO `horpak` VALUES ('92', 'SCM PLACE', '081-4599452', 'Wifi 100/300', 17, 8, 'ประกัน 6000+ค่าหอ3800', 'แอร์ทุกห้อง', 'z1', 'ht4');
INSERT INTO `horpak` VALUES ('93', 'อภิญญา', '089-687-8100(พี่แอน)', 'Wifi+Lan เดือนละ 300 บาท', 16, 6, 'จอง1000+ประกัน3000+ล่วงหน้า 1 เดือน', NULL, 'z1', 'ht3');
INSERT INTO `horpak` VALUES ('94', 'ถาวรพฤกษ์', '0818313622', '512 kb ฟรี', 18, 6, 'ประกัน 5000(จ่ายค่าจองก่อนได้ 3000)+ล่วงหน้า1เดือน', 'เคเบิ้ลฟรี', 'z1', 'ht3');
INSERT INTO `horpak` VALUES ('95', 'หอพักชายศิริวัฒน์', '02-3274340-3', 'มีอินเทอร์เน็ต ราคาขึ้นอยู่กับความเร็วเน็ต', 17, 6, 'ค่ามัดจำ 5000 บาท', 'มีโทรศัพท์ภายใน', 'z1', 'ht3');
INSERT INTO `horpak` VALUES ('96', 'บ้านทิพภวิกา', '0855557849', 'มีอินเทอร์เน็ตแบบwireless', 17, 6, 'ประกัน 2 เดือน จ่ายล่วงหน้า สัญญา 1 ปี', 'มีเคเบิล 80 ช่องและtrue vision', 'z1', 'ht4');
INSERT INTO `horpak` VALUES ('97', 'น้องเดือน', '087-0814181,02-1721182', NULL, 17, 7, 'ค่ามัดจำ 3,000 บาท จ่ายก่อนอยู่ สัญญา 1 ปี', NULL, 'z1', 'ht1');
INSERT INTO `horpak` VALUES ('98', 'ศรัญญา 3', '081-8299240', 'มีอินเทอร์เน็ตแบบ wireless', 15, 7, 'ประกัน 6,000 บาท สัญญา 1 ปี', 'เคเบิล 80 ช่อง', 'z1', 'ht3');
INSERT INTO `horpak` VALUES ('99', 'บ้านศรัญญา 1', '081-8299240,02-3270947-9', 'มีอินเทอร์เน็ตแบบ wireless', 15, 7, 'ประกัน6000 สัญญา 1 ปี', NULL, 'z1', 'ht2');

-- --------------------------------------------------------

-- 
-- โครงสร้างตาราง `horpak_type`
-- 

CREATE TABLE `horpak_type` (
  `horpak_typeId` varchar(5) NOT NULL,
  `horpak_typeName` varchar(50) NOT NULL,
  PRIMARY KEY  (`horpak_typeId`)
) ENGINE=MyISAM DEFAULT CHARSET=utf8;

-- 
-- dump ตาราง `horpak_type`
-- 

INSERT INTO `horpak_type` VALUES ('ht1', 'หอหญิง');
INSERT INTO `horpak_type` VALUES ('ht2', 'หอชาย');
INSERT INTO `horpak_type` VALUES ('ht3', 'หอรวม');
INSERT INTO `horpak_type` VALUES ('ht4', 'หอมี 2 ตึกแยกหญิงชาย');
INSERT INTO `horpak_type` VALUES ('ht5', 'อื่นๆ');
INSERT INTO `horpak_type` VALUES ('ht6', 'ไม่ทราบ');

-- --------------------------------------------------------

-- 
-- โครงสร้างตาราง `roomdetail`
-- 

CREATE TABLE `roomdetail` (
  `detailId` varchar(5) NOT NULL,
  `sizeWH` varchar(20) default NULL,
  `roomType` varchar(20) default NULL,
  `furniture` varchar(200) default NULL,
  `memorandum` varchar(200) default NULL,
  `rent` text NOT NULL,
  `horpakId` varchar(5) NOT NULL,
  PRIMARY KEY  (`detailId`),
  KEY `horpakId` (`horpakId`)
) ENGINE=MyISAM DEFAULT CHARSET=utf8;

-- 
-- dump ตาราง `roomdetail`
-- 

INSERT INTO `roomdetail` VALUES ('1', NULL, 'ธรรมดา', NULL, NULL, '2,700 บาท', '40');
INSERT INTO `roomdetail` VALUES ('10', NULL, NULL, 'เตียง ฟูก ระเบียง เฟอร์นิเจอร์ เครื่องทำน้ำอุ่น', 'ห้องสูทคู่(สองห้องคู่)', '12,000 บาท', '14');
INSERT INTO `roomdetail` VALUES ('100', NULL, 'แอร์', 'เตียง ฟูก พัดลม ระเบียง โต๊ะ ตู้เสื้อผ้า เครื่องทำน้ำอุ่น ตู้เย็น ทีวี', NULL, '4,500 บาท', '86');
INSERT INTO `roomdetail` VALUES ('101', NULL, NULL, 'เตียง ฟูก พัดลม โต๊ะ ตู้เสื้อผ้า', NULL, '2600 บาท', '136');
INSERT INTO `roomdetail` VALUES ('102', '3.5 x 4.5 ตร.ม.', NULL, 'เตียง ระเบียง ตู้เสื้อผ้า พัดลม', NULL, '2,500 บาท', '134');
INSERT INTO `roomdetail` VALUES ('103', '3.5 x 4.5 ตร.ม.', 'แอร์', 'เตียง ระเบียง ตู้เสื้อผ้า พัดลม', NULL, '3,200 บาท', '134');
INSERT INTO `roomdetail` VALUES ('104', '3.4 x 4.0 ตร.ม.', NULL, 'เตียง ระเบียง พัดลม', NULL, '2,500 บาท', '135');
INSERT INTO `roomdetail` VALUES ('105', '4.0 x 4.0 ตร.ม.', NULL, 'เตียง ระเบียง พัดลม', NULL, '2,800 บาท', '135');
INSERT INTO `roomdetail` VALUES ('106', '4.0 x 4.75 ตร.ม.', NULL, 'เตียง ระเบียง พัดลม', NULL, '3,000 บาท', '135');
INSERT INTO `roomdetail` VALUES ('107', '3x6 ตร.ม.', 'แอร์', 'เตียง ฟูก ระเบียง ราวตาก โต๊ะ ตู้', NULL, '4,000 บาท', '107');
INSERT INTO `roomdetail` VALUES ('108', NULL, 'แอร์', 'เตียง ฟูก  ราวตาก โต๊ะ ตู้', 'อยู่ชั้น 1 ไม่มีระเบียง', '3,500 บาท', '107');
INSERT INTO `roomdetail` VALUES ('109', NULL, 'พัดลม', 'เตียง ฟูก ระเบียง โต๊ะคอม ตู้เสื้อผ้า พัดลม', NULL, '3,000 บาท', '95');
INSERT INTO `roomdetail` VALUES ('11', '20 ตร.ม.', 'แอร์', 'เตียง,ฟูก,ตู้เสื้อผ้า,โต๊ะ,มีชั้นวาง,โต๊ะคอม,เก้าอี้มี 2 ชุด', 'อยู่ได้ 2 คน,ชั้นบนสุด', '4,800 บาท', '1');
INSERT INTO `roomdetail` VALUES ('110', NULL, 'แอร์', 'เตียง ฟูก ระเบียง โต๊ะคอม ตู้เสื้อผ้า แอร์', NULL, '4,000 บาท', '95');
INSERT INTO `roomdetail` VALUES ('111', '3x7 ตร.ม.', 'พัดลม', 'ระเบียง โต๊ะญี่ปุ่น ตู้เสื้อผ้า', NULL, '2,700 บาท', '97');
INSERT INTO `roomdetail` VALUES ('112', '3x7 ตร.ม.', 'แอร์', 'ระเบียง โต๊ะญี่ปุ่น ตู้เสื้อผ้า', NULL, '3,000 บาท', '97');
INSERT INTO `roomdetail` VALUES ('113', '4 x 3.5 ตร.ม.', 'พัดลม', 'เตียง ฟูก พัดลม โต๊ะ ตู้เสื้อผ้า', NULL, '2,700 บาท', '98');
INSERT INTO `roomdetail` VALUES ('114', '4 x 3.5 ตร.ม.', 'แอร์', 'เตียง ฟูก พัดลม โต๊ะ ตู้เสื้อผ้า', NULL, '3,200 บาท', '98');
INSERT INTO `roomdetail` VALUES ('115', NULL, 'พัดลม', 'เตียง ฟูก พัดลม โต๊ะ ตู้เสื้อผ้า', 'ห้องมุมจ่ายเพิ่ม 500 บาท', '3,000 บาท', '101');
INSERT INTO `roomdetail` VALUES ('116', NULL, 'แอร์', 'เตียง ฟูก พัดลม โต๊ะ ตู้เสื้อผ้า', 'ห้องมุมจ่ายเพิ่ม 500 บาท', '4,000 บาท', '101');
INSERT INTO `roomdetail` VALUES ('117', NULL, 'พัดลม', 'เตียง ฟูก ระเบียง พัดลม', NULL, '2,700 บาท', '99');
INSERT INTO `roomdetail` VALUES ('118', NULL, 'พัดลม', 'เตียง ระเบียง โต๊ะคอม ตู้เสื้อผ้า พัดลม', NULL, '', '100');
INSERT INTO `roomdetail` VALUES ('119', '3 x 4.3 ตร.ม.', NULL, 'ไม่มีเฟอร์นิเจอร์ เป็นห้องเปล่า', NULL, '2,000 บาท', '102');
INSERT INTO `roomdetail` VALUES ('12', '20 ตร.ม.', 'แอร์', 'เตียง,ฟูก,ตู้เสื้อผ้า,โต๊ะ,มีชั้นวาง,โต๊ะคอม,เก้าอี้มี 2 ชุด,มีทีวี LCD 32 นิ้ว', 'อยู่ได้ 2 คน,ห้องที่อยู่ริมทุกห้องเสียเพิ่ม 500 บาท', '4,900 บาท', '1');
INSERT INTO `roomdetail` VALUES ('120', '3.3x 4.5 ตร.ม.', NULL, 'โต๊ะคอม ตู้เสื้อผ้า', NULL, '2,300 บาท', '102');
INSERT INTO `roomdetail` VALUES ('121', '3 x 7.5 ตร.ม.', NULL, 'เตียง ฟูก ระเบียง ตู้ โต๊ะญี่ปุ่น ตู้เสื้อผ้า', NULL, '2,700 บาท', '103');
INSERT INTO `roomdetail` VALUES ('122', '3.5 x 8 ตร.ม.', NULL, 'เตียง ฟูก ระเบียง ตู้ โต๊ะญี่ปุ่น ตู้เสื้อผ้า', NULL, '3,000 บาท', '103');
INSERT INTO `roomdetail` VALUES ('123', NULL, 'พัดลม', 'เตียง,ฟูก,ตู้เสื้อผ้า,โต๊ะ,พัดลม', NULL, '3,400 บาท', '96');
INSERT INTO `roomdetail` VALUES ('124', NULL, 'แอร์', 'เตียง,ฟูก,ตู้เสื้อผ้า,โต๊ะ,พัดลม', NULL, '4,200 บาท', '96');
INSERT INTO `roomdetail` VALUES ('125', '3 x 4 ตร.ม.', 'พัดลม', 'ตู้ โต๊ะ พัดลม', NULL, '2,300 บาท', '105');
INSERT INTO `roomdetail` VALUES ('126', NULL, 'แอร์', 'เตียง,ฟูก,ตู้เสื้อผ้า,โต๊ะ 2 ตัว,เก้าอี้มี 2 ชุด', NULL, '4,260 บาท', '106');
INSERT INTO `roomdetail` VALUES ('127', NULL, 'แอร์', 'เตียง,ฟูก,ตู้เสื้อผ้า,โต๊ะ 2 ตัว,เก้าอี้มี 2 ชุด,เครื่องทำน้ำอุ่น', NULL, '4,460 บาท', '106');
INSERT INTO `roomdetail` VALUES ('128', NULL, 'พัดลม', 'เตียง ฟูก พัดลม โต๊ะ ตู้เสื้อผ้า', NULL, '2,700 บาท', '104');
INSERT INTO `roomdetail` VALUES ('129', NULL, 'แอร์', 'เตียง,ฟูก,ตู้เสื้อผ้า,โต๊ะ 2 ตัว,เก้าอี้มี 2 ชุด,เครื่องทำน้ำอุ่น', NULL, '5,000 บาท', '106');
INSERT INTO `roomdetail` VALUES ('13', '20 ตร.ม.', 'แอร์', 'เตียง,ฟูก,ตู้เสื้อผ้า,โต๊ะ,มีชั้นวาง,โต๊ะคอม,เก้าอี้มี 2 ชุด', 'อยู่ได้ 2 คน,ตามชั้น,ห้องที่อยู่ริมทุกห้องเสียเพิ่ม 500 บาท', '5,000 บาท', '1');
INSERT INTO `roomdetail` VALUES ('130', '4 x 7.5 ตร.ม.', 'แอร์', 'เตียง ฟูก พัดลม ระเบียง โต๊ะ ตู้เสื้อผ้า เครื่องทำน้ำอุ่น', NULL, '4,700 บาท', '108');
INSERT INTO `roomdetail` VALUES ('131', '4 x 6.5 ตร.ม.', 'แอร์', 'เตียง ฟูก พัดลม ระเบียง โต๊ะ ตู้เสื้อผ้า เครื่องทำน้ำอุ่น', NULL, '4,500 บาท', '108');
INSERT INTO `roomdetail` VALUES ('132', NULL, 'พัดลม', 'เตียง ฟูก พัดลม โต๊ะ ตู้เสื้อผ้า', NULL, '2,500 บาท', '109');
INSERT INTO `roomdetail` VALUES ('133', NULL, 'แอร์', 'เตียง ฟูก โต๊ะ ตู้เสื้อผ้า', NULL, '3,500 บาท', '110');
INSERT INTO `roomdetail` VALUES ('134', NULL, 'พัดลม', 'เตียง ฟูก พัดลม โต๊ะ ตู้เสื้อผ้า', 'ตึกหญิง', '2,800 บาท', '110');
INSERT INTO `roomdetail` VALUES ('135', NULL, 'พัดลม', 'พัดลม โต๊ะ ตู้', 'ตึกชาย', '2,500 บาท', '110');
INSERT INTO `roomdetail` VALUES ('136', NULL, 'พัดลม', 'เตียง ฟูก พัดลม โต๊ะ ตู้เสื้อผ้า', NULL, '2,200 บาท', '111');
INSERT INTO `roomdetail` VALUES ('137', NULL, 'พัดลม', 'พัดลม โต๊ะ ตู้', NULL, '2,500 บาท', '112');
INSERT INTO `roomdetail` VALUES ('138', NULL, 'พัดลม', 'เตียง ฟูก พัดลม โต๊ะ ตู้เสื้อผ้า', NULL, '3,300 บาท', '113');
INSERT INTO `roomdetail` VALUES ('139', NULL, 'พัดลม', 'เตียง ฟูก พัดลม โต๊ะ ตู้เสื้อผ้า', 'ชั้นบนสุด', '3,100 บาท', '113');
INSERT INTO `roomdetail` VALUES ('14', '30 ตร.ม.', 'แอร์', 'มีพัดลม,ตู้เย็น,ตู้เสื้อผ้า,เตียงนอน,ทีวี', 'อยู่ชั้น 4 ถ้าอยู่ห้องมุมเสียเพิ่ม 500 บาท', '4,000 บาท', '2');
INSERT INTO `roomdetail` VALUES ('140', NULL, 'พัดลม', 'เตียง ฟูก พัดลม โต๊ะ ตู้เสื้อผ้า', NULL, '2,900 บาท', '114');
INSERT INTO `roomdetail` VALUES ('141', NULL, 'แอร์', 'เตียง ฟูก พัดลม โต๊ะ ตู้เสื้อผ้า', NULL, '3,600 บาท', '114');
INSERT INTO `roomdetail` VALUES ('142', NULL, 'พัดลม', 'เตียง ฟูก พัดลม โต๊ะ ตู้เสื้อผ้า', NULL, '3,200 บาท', '115');
INSERT INTO `roomdetail` VALUES ('143', NULL, 'แอร์', 'เตียง ฟูก พัดลม โต๊ะ ตู้เสื้อผ้า', NULL, '4,200 บาท', '115');
INSERT INTO `roomdetail` VALUES ('144', NULL, 'พัดลม', 'ตู้ พัดลม', NULL, '2,000 บาท', '116');
INSERT INTO `roomdetail` VALUES ('145', NULL, 'พัดลม', 'เตียง ฟูก พัดลม โต๊ะ ตู้เสื้อผ้า', NULL, '2,800 บาท', '117');
INSERT INTO `roomdetail` VALUES ('146', NULL, 'พัดลม', 'เตียง ฟูก พัดลม โต๊ะ ตู้เสื้อผ้า', NULL, '3,000 บาท', '100');
INSERT INTO `roomdetail` VALUES ('147', NULL, 'พัดลม', 'เตียง ฟูก พัดลม โต๊ะ ตู้เสื้อผ้า', NULL, '3,000 บาท', '118');
INSERT INTO `roomdetail` VALUES ('148', NULL, 'แอร์', 'เตียง ฟูก พัดลม โต๊ะ ตู้เสื้อผ้า', NULL, '3,800 บาท', '118');
INSERT INTO `roomdetail` VALUES ('149', NULL, 'แอร์', 'เตียง ฟูก โต๊ะ ตู้เสื้อผ้า', NULL, '4,000 บาท', '119');
INSERT INTO `roomdetail` VALUES ('15', '30 ตร.ม.', 'แอร์', 'มีพัดลม,ตู้เย็น,ตู้เสื้อผ้า,เตียงนอน,ทีวี', 'อยู่ชั้น 3 ถ้าอยู่ห้องมุมเสียเพิ่ม 500 บาท', '4,500 บาท', '2');
INSERT INTO `roomdetail` VALUES ('150', NULL, 'แอร์', 'เตียง ฟูก โต๊ะ ตู้เสื้อผ้า', NULL, '4,200 บาท', '119');
INSERT INTO `roomdetail` VALUES ('151', NULL, 'พัดลม', 'เตียง ฟูก ระเบียง โต๊ะคอม ตู้เสื้อผ้า พัดลม', NULL, '3,000 บาท', '90');
INSERT INTO `roomdetail` VALUES ('152', '4 x 6.5 ตร.ม.', 'พัดลม', 'เตียง ฟูก โต๊ะ ตู้เสื้อผ้า', NULL, '3,500 บาท', '120');
INSERT INTO `roomdetail` VALUES ('153', '4 x 6.5 ตร.ม.', 'แอร์', 'เตียง ฟูก โต๊ะ ตู้เสื้อผ้า', NULL, '4,200 บาท', '120');
INSERT INTO `roomdetail` VALUES ('154', NULL, 'พัดลม', 'เตียง ฟูก พัดลม โต๊ะ ตู้เสื้อผ้า', NULL, '3,000 บาท', '121');
INSERT INTO `roomdetail` VALUES ('155', NULL, 'แอร์', 'เตียง ฟูก พัดลม โต๊ะ ตู้เสื้อผ้า', NULL, '4,000 บาท', '121');
INSERT INTO `roomdetail` VALUES ('156', NULL, 'พัดลม', 'เตียง ฟูก พัดลม ตู้เสื้อผ้า', NULL, '3,000 บาทขึ้นไป', '122');
INSERT INTO `roomdetail` VALUES ('157', NULL, 'แอร์', 'เตียง ฟูก ตู้เสื้อผ้า', NULL, '4,400 บาท', '122');
INSERT INTO `roomdetail` VALUES ('158', NULL, NULL, 'เตียง ฟูก โต๊ะ ตู้เสื้อผ้า', NULL, '2,800บาท', '123');
INSERT INTO `roomdetail` VALUES ('159', NULL, 'แอร์', 'เตียง ฟูก โต๊ะ ตู้เสื้อผ้า', NULL, '3,500 บาท', '123');
INSERT INTO `roomdetail` VALUES ('16', '30 ตร.ม.', 'แอร์', 'มีพัดลม,ตู้เย็น,ตู้เสื้อผ้า,เตียงนอน,ทีวี,เครื่องเล่นดีวีดี,ไมโครเวฟ', 'อยู่ชั้น 1-2', '5,000 บาท', '2');
INSERT INTO `roomdetail` VALUES ('160', NULL, 'พัดลม', 'เตียง ฟูก พัดลม โต๊ะ ตู้เสื้อผ้า', NULL, '3,000 บาท', '124');
INSERT INTO `roomdetail` VALUES ('161', NULL, 'แอร์', 'เตียง ฟูก พัดลม โต๊ะ ตู้เสื้อผ้า', NULL, '3,800 บาท', '124');
INSERT INTO `roomdetail` VALUES ('162', NULL, 'พัดลม', 'เตียง ฟูก พัดลม โต๊ะ ตู้เสื้อผ้า', NULL, '3,500 บาท', '125');
INSERT INTO `roomdetail` VALUES ('163', NULL, 'แอร์', 'เตียง ฟูก พัดลม โต๊ะ ตู้เสื้อผ้า เครื่องทำน้ำอุ่น ทีวี', NULL, '4,300 บาท', '125');
INSERT INTO `roomdetail` VALUES ('164', NULL, 'พัดลม', 'เตียง ฟูก ระเบียง พัดลม', NULL, '3,000 บาท', '126');
INSERT INTO `roomdetail` VALUES ('165', NULL, 'พัดลม', 'เตียง ฟูก พัดลม ระเบียง', NULL, '3,200 บาท', '126');
INSERT INTO `roomdetail` VALUES ('166', NULL, 'แอร์', 'เตียง ฟูก ระเบียง พัดลม', NULL, '3,800 บาท', '126');
INSERT INTO `roomdetail` VALUES ('167', NULL, 'แอร์', 'เตียง ฟูก โต๊ะ ตู้เสื้อผ้า', NULL, '4,300 บาท', '127');
INSERT INTO `roomdetail` VALUES ('168', NULL, 'พัดลม', 'เตียง ฟูก โต๊ะ ตู้เสื้อผ้า', NULL, '2,900 บาท', '128');
INSERT INTO `roomdetail` VALUES ('169', NULL, 'แอร์', 'เตียง ฟูก โต๊ะ ตู้เสื้อผ้า', NULL, '3,500 บาท', '128');
INSERT INTO `roomdetail` VALUES ('17', '', 'พัดลม', 'เตียง,ตู้เสื้อผ้า,พัดลม', NULL, '3,500 บาท', '3');
INSERT INTO `roomdetail` VALUES ('170', NULL, 'แอร์', 'เตียง ฟูก โต๊ะ ตู้เสื้อผ้า', NULL, '3,600 บาท', '129');
INSERT INTO `roomdetail` VALUES ('171', NULL, 'แอร์', 'เตียง ฟูก โต๊ะ ตู้เสื้อผ้า', NULL, '4,500 บาท', '130');
INSERT INTO `roomdetail` VALUES ('172', NULL, 'พัดลม', 'พัดลม ตู้ โต๊ะ', NULL, '2,200 บาท', '131');
INSERT INTO `roomdetail` VALUES ('173', NULL, 'แอร์', 'เตียงนอน,ตู้เสื้อผ้า,เครื่องทำน้ำอุ่น,ทีวี,ฟูก,โต๊ะ', NULL, '5,000 บาท', '132');
INSERT INTO `roomdetail` VALUES ('174', NULL, 'พัดลม', 'เตียง ฟูก พัดลม โต๊ะ ตู้เสื้อผ้า', NULL, '3,500 บาท', '133');
INSERT INTO `roomdetail` VALUES ('175', NULL, 'แอร์', 'เตียง ฟูก พัดลม โต๊ะ ตู้เสื้อผ้า', NULL, '3,800 บาท', '133');
INSERT INTO `roomdetail` VALUES ('176', NULL, 'แอร์', 'เตียง ฟูก พัดลม โต๊ะ ตู้เสื้อผ้า', NULL, '4,500 บาท', '133');
INSERT INTO `roomdetail` VALUES ('177', NULL, 'พัดลม', 'ตู้ โต๊ะ พัดลม', NULL, '2,000 บาท', '41');
INSERT INTO `roomdetail` VALUES ('178', NULL, 'พัดลม', 'เตียง ฟูก พัดลม โต๊ะ ตู้เสื้อผ้า', NULL, '3,000 บาท', '41');
INSERT INTO `roomdetail` VALUES ('179', NULL, NULL, 'เตียง ฟูก พัดลม ตู้', NULL, '2,300-3,000 บาท', '42');
INSERT INTO `roomdetail` VALUES ('18', NULL, 'แอร์', 'เตียง พัดลม ตู้เสื้อผ้า เครื่องทำน้ำอุ่น', NULL, '4,000 บาท', '3');
INSERT INTO `roomdetail` VALUES ('180', '3.5 x 5.5', 'พัดลม', 'เตียง ฟูก  โต๊ะ ตู้เสื้อผ้า', NULL, '2,600 บาท', '43');
INSERT INTO `roomdetail` VALUES ('181', '3.5 x 5.5', 'แอร์', 'เตียง ฟูก พัดลม โต๊ะ ตู้เสื้อผ้า', NULL, '3,500 บาท', '43');
INSERT INTO `roomdetail` VALUES ('182', NULL, 'พัดลม', 'เตียง ฟูก พัดลม โต๊ะ ตู้เสื้อผ้า', NULL, '2,600 บาท', '45');
INSERT INTO `roomdetail` VALUES ('183', NULL, 'แอร์', 'เตียง ฟูก พัดลม โต๊ะ ตู้เสื้อผ้า', NULL, '3,500 บาท', '45');
INSERT INTO `roomdetail` VALUES ('184', NULL, 'พัดลม', 'เตียง ฟูก พัดลม โต๊ะ ตู้เสื้อผ้า', NULL, '2,500 บาท', '46');
INSERT INTO `roomdetail` VALUES ('185', NULL, 'แอร์', 'เตียง ฟูก พัดลม โต๊ะ ตู้เสื้อผ้า ตู้เย็น', NULL, '3,000 บาท', '46');
INSERT INTO `roomdetail` VALUES ('186', NULL, 'แอร์', 'เตียง ฟูก พัดลม โต๊ะ ตู้เสื้อผ้า ตู้เย็น', NULL, '3,500 บาท', '46');
INSERT INTO `roomdetail` VALUES ('187', NULL, NULL, 'เตียง ฟูก พัดลม โต๊ะ ตู้เสื้อผ้า', NULL, '2,500 บาท', '47');
INSERT INTO `roomdetail` VALUES ('188', NULL, NULL, 'เตียง ฟูก พัดลม โต๊ะ ตู้เสื้อผ้า', NULL, '2,900 บาท', '47');
INSERT INTO `roomdetail` VALUES ('189', NULL, 'พัดลม', 'เตียง ฟูก พัดลม ตู้เสื้อผ้า', NULL, '2,100 บาท', '49');
INSERT INTO `roomdetail` VALUES ('19', NULL, 'แอร์', 'เตียง ฟูก ตู้เย็น ทีวี พัดลม เครื่องทำน้ำอุ่น', NULL, '4,500 บาท', '3');
INSERT INTO `roomdetail` VALUES ('190', NULL, 'พัดลม', 'เตียง ฟูก พัดลม ตู้เสื้อผ้า', NULL, '2,300 บาท', '49');
INSERT INTO `roomdetail` VALUES ('191', NULL, 'แอร์', 'เตียง ฟูก ตู้เสื้อผ้า', NULL, '2,700 บาท', '49');
INSERT INTO `roomdetail` VALUES ('192', NULL, 'พัดลม', 'เตียง ฟูก พัดลม โต๊ะ ตู้เสื้อผ้า', NULL, '2,600 บาท', '50');
INSERT INTO `roomdetail` VALUES ('193', NULL, 'พัดลม', 'เตียง ฟูก โต๊ะ ตู้เสื้อผ้า ตู้เย็น', NULL, '2,500 บาท', '51');
INSERT INTO `roomdetail` VALUES ('194', NULL, 'พัดลม', 'เตียง ฟูก  โต๊ะ ตู้เสื้อผ้า ตู้เย็น', NULL, '2,700 บาท', '51');
INSERT INTO `roomdetail` VALUES ('195', NULL, 'แอร์', 'เตียง ฟูก พัดลม โต๊ะ ตู้เสื้อผ้า ตู้เย็น', NULL, '3,000 บาท', '51');
INSERT INTO `roomdetail` VALUES ('196', NULL, 'พัดลม', 'เตียง ฟูก  โต๊ะ ตู้เสื้อผ้า', NULL, '3,400 บาท', '52');
INSERT INTO `roomdetail` VALUES ('197', NULL, 'พัดลม', 'เตียง ฟูก พัดลม โต๊ะ ตู้เสื้อผ้า', NULL, '3,600 บาท', '52');
INSERT INTO `roomdetail` VALUES ('198', NULL, 'แอร์', 'เตียง ฟูก พัดลม โต๊ะ ตู้เสื้อผ้า เครื่องทำน้ำอุ่น', NULL, '4,400 บาท', '52');
INSERT INTO `roomdetail` VALUES ('199', NULL, 'แอร์', 'เตียง ฟูก พัดลม โต๊ะ ตู้เสื้อผ้า เครื่องทำน้ำอุ่น', NULL, '4,200 บาท', '52');
INSERT INTO `roomdetail` VALUES ('2', NULL, 'แอร์', NULL, NULL, '3,000 บาท', '40');
INSERT INTO `roomdetail` VALUES ('20', NULL, 'แอร์', 'เตียง ฟูก ตู้เย็น ทีวี พัดลม เครื่องทำน้ำอุ่น', 'เป็นห้องสูท มีแอร์ตัวเดียว', '7,000 บาท', '3');
INSERT INTO `roomdetail` VALUES ('200', NULL, 'พัดลม', 'เตียง ฟูก พัดลม โต๊ะ ตู้เสื้อผ้า เครื่องทำน้ำอุ่น', NULL, '3,100 บาท', '53');
INSERT INTO `roomdetail` VALUES ('201', NULL, 'พัดลม', 'เตียง ฟูก พัดลม โต๊ะ ตู้เสื้อผ้า เครื่องทำน้ำอุ่น', NULL, '3,300 บาท', '53');
INSERT INTO `roomdetail` VALUES ('202', NULL, 'แอร์', 'เตียง ฟูก พัดลม โต๊ะ ตู้เสื้อผ้า เครื่องทำน้ำอุ่น', NULL, '3,900 บาท', '53');
INSERT INTO `roomdetail` VALUES ('203', NULL, 'แอร์', 'เตียง ฟูก พัดลม โต๊ะ ตู้เสื้อผ้า เครื่องทำน้ำอุ่น', NULL, '4,100 บาท', '53');
INSERT INTO `roomdetail` VALUES ('204', NULL, 'พัดลม', 'เตียง ฟูก โต๊ะ ตู้เสื้อผ้า เครื่องทำน้ำอุ่น', NULL, '3,600 บาท', '54');
INSERT INTO `roomdetail` VALUES ('205', NULL, 'แอร์', 'เตียง ฟูก โต๊ะ ตู้เสื้อผ้า เครื่องทำน้ำอุ่น', NULL, '4,300 บาท', '54');
INSERT INTO `roomdetail` VALUES ('206', NULL, 'พัดลม', 'เตียง ฟูก พัดลม โต๊ะ ตู้เสื้อผ้า เครื่องทำน้ำอุ่น', NULL, '3,500 บาท', '55');
INSERT INTO `roomdetail` VALUES ('207', NULL, 'แอร์', 'เตียง ฟูก พัดลม โต๊ะ ตู้เสื้อผ้า เครื่องทำน้ำอุ่น', NULL, '4,300 บาท', '55');
INSERT INTO `roomdetail` VALUES ('208', NULL, 'พัดลม', 'เตียง ฟูก พัดลม โต๊ะ ตู้เสื้อผ้า', NULL, '3,000 บาท', '57');
INSERT INTO `roomdetail` VALUES ('209', NULL, 'แอร์', 'เตียง ฟูก พัดลม โต๊ะ ตู้เสื้อผ้า เครื่องทำน้ำอุ่น', NULL, '3,800 บาท', '57');
INSERT INTO `roomdetail` VALUES ('21', NULL, 'แอร์', 'เตียง ฟูก ตู้เย็น ทีวี พัดลม เครื่องทำน้ำอุ่น', 'ห้องสูทห้องใหญ่', '8,000 บาท', '3');
INSERT INTO `roomdetail` VALUES ('210', NULL, 'พัดลม', 'เตียง ฟูก พัดลม โต๊ะ ตู้เสื้อผ้า', NULL, '2,800 บาท', '58');
INSERT INTO `roomdetail` VALUES ('211', NULL, 'แอร์', 'เตียง ฟูก พัดลม โต๊ะ ตู้เสื้อผ้า', NULL, '3,500 บาท', '58');
INSERT INTO `roomdetail` VALUES ('212', NULL, 'พัดลม', 'เตียง ฟูก พัดลม โต๊ะ ตู้เสื้อผ้า', NULL, '2,700 บาท', '59');
INSERT INTO `roomdetail` VALUES ('213', NULL, 'แอร์', 'เตียง ฟูก พัดลม โต๊ะ ตู้เสื้อผ้า', NULL, '3,500 บาท', '59');
INSERT INTO `roomdetail` VALUES ('214', NULL, 'พัดลม', 'เตียง ฟูก พัดลม โต๊ะ ตู้เสื้อผ้า', NULL, '3,000 บาท', '61');
INSERT INTO `roomdetail` VALUES ('215', NULL, 'แอร์', 'เตียง ฟูก พัดลม โต๊ะ ตู้เสื้อผ้า', NULL, '4,000 บาท', '61');
INSERT INTO `roomdetail` VALUES ('216', '3.5 x 5.5', 'พัดลม', 'เตียง ฟูก โต๊ะ ตู้เสื้อผ้า', 'มีระเบียง', '2,600 บาท', '62');
INSERT INTO `roomdetail` VALUES ('217', NULL, 'พัดลม', 'เตียง ฟูก พัดลม โต๊ะ ตู้เสื้อผ้า', NULL, '3,200 บาท', '62');
INSERT INTO `roomdetail` VALUES ('218', NULL, 'แอร์', 'เตียง ฟูก พัดลม โต๊ะ ตู้เสื้อผ้า', NULL, '3,800 บาท', '62');
INSERT INTO `roomdetail` VALUES ('219', NULL, 'พัดลม', 'เตียง ฟูก พัดลม โต๊ะ ตู้เสื้อผ้า', NULL, '2,500 บาท', '63');
INSERT INTO `roomdetail` VALUES ('22', NULL, NULL, 'เตียงนอน,ตู้เสื้อผ้า,พัดลม,โต๊ะเครื่องแป้ง,โต๊ะอ่านหนังสือ,โต๊ะทานอาหาร', NULL, '4,000 บาท', '6');
INSERT INTO `roomdetail` VALUES ('220', NULL, 'แอร์', 'เตียง ฟูก พัดลม โต๊ะ ตู้เสื้อผ้า', NULL, '3,200 บาท', '63');
INSERT INTO `roomdetail` VALUES ('221', NULL, 'พัดลม', 'เตียง ฟูก เครื่องทำน้ำอุ่น โต๊ะ ตู้เสื้อผ้า', NULL, '3,800 บาท', '64');
INSERT INTO `roomdetail` VALUES ('222', NULL, 'แอร์', 'เตียง ฟูก โต๊ะ ตู้เสื้อผ้า', NULL, '4,800 บาท', '64');
INSERT INTO `roomdetail` VALUES ('223', NULL, 'พัดลม', 'เตียง ฟูก พัดลม โต๊ะ ตู้เสื้อผ้า เครื่องทำน้ำอุ่น', NULL, '3,500 บาท', '65');
INSERT INTO `roomdetail` VALUES ('224', NULL, 'แอร์', 'เตียง ฟูก พัดลม โต๊ะ ตู้เสื้อผ้า เครื่องทำน้ำอุ่น', NULL, '4,500 บาท', '65');
INSERT INTO `roomdetail` VALUES ('225', NULL, 'พัดลม', 'เตียง ฟูก พัดลม โต๊ะ ตู้เสื้อผ้า', NULL, '3,500 บาท', '66');
INSERT INTO `roomdetail` VALUES ('226', NULL, 'แอร์', 'เตียง ฟูก พัดลม โต๊ะ ตู้เสื้อผ้า', NULL, '4,200 บาท', '66');
INSERT INTO `roomdetail` VALUES ('227', NULL, NULL, 'พัดลมเพดาน โต๊ะ ตู้', NULL, '2,800 บาท', '34');
INSERT INTO `roomdetail` VALUES ('228', NULL, 'แอร์', 'เตียง ที่นอน โต๊ะ ตู้', NULL, '', '31');
INSERT INTO `roomdetail` VALUES ('229', NULL, NULL, 'เตียง พัดลม โต๊ะ ตู้', NULL, '2,500-4,000 บาท', '138');
INSERT INTO `roomdetail` VALUES ('23', NULL, NULL, 'เตียงนอน,ตู้เสื้อผ้า ทีวี ตู้วางทีวี โทรศัพท์ เครื่องทำน้ำอุ่น ผ้าปูที่นอน', NULL, '5,000 บาท', '6');
INSERT INTO `roomdetail` VALUES ('230', NULL, NULL, 'เตียง ที่นอน พัดลม โต๊ะ ตู้', NULL, '3,200-4,200 บาท', '139');
INSERT INTO `roomdetail` VALUES ('231', NULL, NULL, 'เตียง ที่นอน ตู้ โต๊ะ', NULL, '3,500-4,500 บาท', '140');
INSERT INTO `roomdetail` VALUES ('232', NULL, 'พัดลม', 'พัดลมเพดาน', NULL, '2,300 บาท', '141');
INSERT INTO `roomdetail` VALUES ('233', NULL, NULL, NULL, NULL, '2,000-3,500 บาท', '142');
INSERT INTO `roomdetail` VALUES ('234', NULL, NULL, 'เตียง ที่นอน พัดลม โต๊ะ ตู้', NULL, '2,000-3,000 บาท', '143');
INSERT INTO `roomdetail` VALUES ('235', '3.5 x 4', 'แอร์', 'ตู้ เตียง โต๊ะ เครื่องทำน้ำอุ่น', NULL, '3,700 และ 4,200 บาท(3คน)', '144');
INSERT INTO `roomdetail` VALUES ('236', NULL, 'แอร์', 'ทีวี ตู้เย็น เครื่องทำน้ำอุ่น ชั้นวาง ไมโครเวฟ  ตู้เสื้อผ้า', '', '3,000-7,000 บาท', '145');
INSERT INTO `roomdetail` VALUES ('237', '3.5 x 5.5', 'แอร์ / พัดลม', 'โต๊ะคอม ตู้เสื้อผ้า เตียงคู่', 'มีระเบียง', 'พัดลม 2,500 บาท\r\nแอร์ 3,000 บาท', '146');
INSERT INTO `roomdetail` VALUES ('238', '4 x 5.5', 'แอร์ / พัดลม', 'โต๊ะ เก้าอี้ ตู้เสื้อผ้า เตียงคู่', 'มีระเบียง', 'ห้องพัดลม 2,800 บาท\r\nห้องแอร์    3,500 บาท', '147');
INSERT INTO `roomdetail` VALUES ('239', '4 x 8 ตร.ม.', 'พัดลม', 'เตียง 6 ฟุต ฟูก ตู้ โต๊ะ เก้าอี้', 'มีระเบียง', '3,000 บาท', '148');
INSERT INTO `roomdetail` VALUES ('24', '24 ตร.ม.', 'แอร์', 'เตียง ตู้เย็น ทีวี โต๊ะเครื่องแป้ง โต๊ะคอม เครื่องทำน้ำอุ่น', 'อยู่ได้ 2-3 คน', '4,000 บาท', '8');
INSERT INTO `roomdetail` VALUES ('240', '4 x 8 ตร.ม.', 'แอร์', 'เตียง 6 ฟุต ฟูก ตู้ โต๊ะ เก้าอี้ พัดลม', 'มีระเบียง', '4,300 บาท', '148');
INSERT INTO `roomdetail` VALUES ('241', NULL, 'แอร์', 'เตียง 6 ฟุต ฟูก ตู้ โต๊ะ เก้าอี้ พัดลม', '1 ห้องน้ำ 2 ห้องนอน 1 ห้องโถง(บ้าน)', '6,000 บาท', '148');
INSERT INTO `roomdetail` VALUES ('242', '4 x 6', 'แอร์', 'โต๊ะ ตู้ เตียง เก้าอี้ พัดลม', 'มีระเบียง', '3,700 บาท', '149');
INSERT INTO `roomdetail` VALUES ('243', NULL, NULL, 'มีโต๊ะ ตู้ เตียง เก้าอี้ ที่นอน', NULL, 'ประมาณ 3,000-3,800 บาท', '150');
INSERT INTO `roomdetail` VALUES ('244', 'เล็ก', 'พัดลม', 'โต๊ะ ตู้ เตียง ', NULL, '2,200 บาท', '151');
INSERT INTO `roomdetail` VALUES ('245', NULL, NULL, 'มีตู้ โต๊ะ โทรศัพท์', NULL, 'ประมาณ 2,000-2,400 บาท', '152');
INSERT INTO `roomdetail` VALUES ('246', NULL, NULL, 'มีเตียง โต๊ะ ตู้', NULL, 'ประมาณ 3,000 บาท', '153');
INSERT INTO `roomdetail` VALUES ('247', NULL, 'แอร์', 'มีเตียง', NULL, 'ประมาณ 3,500 บาท', '153');
INSERT INTO `roomdetail` VALUES ('248', NULL, 'พัดลม', 'เตียง ฟูก ตู้ โต๊ะ ', NULL, '2,600 บาท', '155');
INSERT INTO `roomdetail` VALUES ('249', NULL, 'แอร์', 'เตียง ฟูก ตู้ โต๊ะ ', NULL, '3,100 บาท', '155');
INSERT INTO `roomdetail` VALUES ('25', '48 ตร.ม.', 'แอร์', 'เตียง ตู้เย็น ทีวี โต๊ะเครื่องแป้ง โต๊ะคอม เครื่องทำน้ำอุ่น', 'อยู่ได้ 4-5 คน', '8,000 บาท', '8');
INSERT INTO `roomdetail` VALUES ('250', NULL, 'พัดลม', 'มีเตียง ฟูก ตู้ไม้ เก้าอี้', NULL, 'ประมาณ 2,800 บาท', '156');
INSERT INTO `roomdetail` VALUES ('251', NULL, 'พัดลม', 'มีเตียง ฟูก ตู้ไม้ เก้าอี้', NULL, 'ประมาณ 3,000 บาท', '156');
INSERT INTO `roomdetail` VALUES ('252', NULL, 'แอร์', 'มีเตียง ฟูก ตู้ไม้ เก้าอี้', NULL, 'ประมาณ 3,500 บาท', '156');
INSERT INTO `roomdetail` VALUES ('253', NULL, 'พัดลม', 'มีเตียง ฟูก ตู้ไม้ เก้าอี้', NULL, 'ประมาณ 2,800 บาท', '157');
INSERT INTO `roomdetail` VALUES ('254', NULL, 'พัดลม', 'มีเตียง ฟูก ตู้ไม้ เก้าอี้', NULL, 'ประมาณ 3,000 บาท', '157');
INSERT INTO `roomdetail` VALUES ('255', NULL, 'แอร์', 'มีเตียง ฟูก ตู้ไม้ เก้าอี้', NULL, 'ประมาณ 3,500 บาท', '157');
INSERT INTO `roomdetail` VALUES ('256', '3 x 4', 'พัดลม', 'มีพัดลม ตู้ เก้าอี้ โต๊ะ เตียง ฟูก', 'มีระเบียง', '2,500 บาท', '158');
INSERT INTO `roomdetail` VALUES ('257', '3 x 4', 'แอร์', 'ตู้ เก้าอี้ โต๊ะ เตียง ฟูก พัดลม', 'มีระเบียง', '3,000 บาท', '158');
INSERT INTO `roomdetail` VALUES ('258', NULL, 'ธรรมดา', 'มีตู้ โต๊ะ เตียง ฟูก', NULL, 'ประมาณ 2,300 บาท', '159');
INSERT INTO `roomdetail` VALUES ('259', NULL, 'แอร์', 'มีตู้ โต๊ะ เตียง ฟูก', NULL, 'ประมาณ 3,000 บาท', '159');
INSERT INTO `roomdetail` VALUES ('26', '20 ตร.ม.', NULL, 'เตียง,ตู้เสื้อผ้า,ทีวี,ตู้เย็น', 'อยู่ได้ 2 คน', '4,100 บาท', '9');
INSERT INTO `roomdetail` VALUES ('260', NULL, 'พัดลม', 'ตู้ โต๊ะ เตียง ฟูก เครื่องทำน้ำอุ่น', '', 'ประมาณ 3,000 บาท', '160');
INSERT INTO `roomdetail` VALUES ('261', NULL, 'แอร์', 'มีตู้ โต๊ะ เตียง ฟูก เครื่องทำน้ำอุ่น', NULL, 'ประมาณ 3,500 บาท', '160');
INSERT INTO `roomdetail` VALUES ('262', NULL, 'พัดลม', 'เตียง ฟูก พัดลม โต๊ะ', NULL, '2,700 บาท', '77');
INSERT INTO `roomdetail` VALUES ('263', NULL, 'แอร์', 'เตียง ฟูก พัดลม โต๊ะ', NULL, '3,600 บาท', '77');
INSERT INTO `roomdetail` VALUES ('264', NULL, 'พัดลม', 'เตียง ฟูก พัดลม โต๊ะ ตู้', NULL, '3,000 บาท', '39');
INSERT INTO `roomdetail` VALUES ('265', NULL, 'แอร์', 'เตียง ฟูก พัดลม โต๊ะ ตู้', NULL, '3,500 บาท', '39');
INSERT INTO `roomdetail` VALUES ('266', NULL, 'พัดลม', 'ตู้ โต๊ะ เตียง ที่นอน พัดลม', NULL, '2,700 บาท', '72');
INSERT INTO `roomdetail` VALUES ('267', NULL, NULL, 'เตียง ฟูก โต๊ะ ตู้ ชั้นวางของ', NULL, '3,800-4,300 บาท', '74');
INSERT INTO `roomdetail` VALUES ('268', NULL, 'พัดลม', 'เตียง,ฟูก,ตู้,โต๊ะ,เก้าอี้', NULL, '2,000-2,500 บาท', '78');
INSERT INTO `roomdetail` VALUES ('269', NULL, 'พัดลม', 'ตู้ โต๊ะ เตียง พัดลม ', NULL, '3,000 บาท', '79');
INSERT INTO `roomdetail` VALUES ('27', '4x4 ตร.ม.', 'แอร์', 'ตู้เสื้อผ้า โต๊ะ เตียง ', 'ไม่จำกัดคนอยู่', '3,700 บาท', '10');
INSERT INTO `roomdetail` VALUES ('270', NULL, 'แอร์', 'ตู้ โต๊ะ เตียง', NULL, '3,500 บาท', '79');
INSERT INTO `roomdetail` VALUES ('271', NULL, 'พัดลม', 'เตียง,ตู้,โต๊ะ,เครื่องทำน้ำอุ่น,เก้าอี้', NULL, '3,000 บาท', '162');
INSERT INTO `roomdetail` VALUES ('272', NULL, 'แอร์', 'เตียง,ตู้,โต๊ะ,เครื่องทำน้ำอุ่น,เก้าอี้', NULL, '3,500 บาท', '162');
INSERT INTO `roomdetail` VALUES ('273', NULL, NULL, 'เตียง,ฟูก,ตู้,โต๊ะ,พัดลม', NULL, '2,300 บาท', '164');
INSERT INTO `roomdetail` VALUES ('274', NULL, NULL, 'เตียง,ฟูก,ตู้,โต๊ะ,พัดลม', NULL, '3,400 บาท', '165');
INSERT INTO `roomdetail` VALUES ('275', NULL, NULL, 'เตียง,ตู้,โต๊ะ,โต๊ะเครื่องแป้ง', NULL, '', '166');
INSERT INTO `roomdetail` VALUES ('276', NULL, 'แอร์', 'เตียง,ตู้,โต๊ะ,ฟูก,พัดลม', 'นักศึกษา', '3,300 บาท', '167');
INSERT INTO `roomdetail` VALUES ('277', NULL, 'แอร์', 'เตียง,ตู้,โต๊ะ,ฟูก,พัดลม', 'คนทำงาน', '3,500 บาท', '167');
INSERT INTO `roomdetail` VALUES ('278', NULL, 'แอร์', 'เตียง,ตู้,โต๊ะ,ฟูก,พัดลม', NULL, '3,500 บาท', '168');
INSERT INTO `roomdetail` VALUES ('279', NULL, NULL, 'เตียง,ตู้,โต๊ะ,ฟูก,พัดลม,หมอน,เก้าอี้', NULL, '2,700 บาท', '169');
INSERT INTO `roomdetail` VALUES ('28', '4x4 ตร.ม.', 'แอร์', 'ตู้เสื้อผ้า โต๊ะ เตียง ทีวี ตู้เย็น', 'ไม่จำกัดคนอยู่', '4,500 บาท', '10');
INSERT INTO `roomdetail` VALUES ('280', NULL, 'พัดลม', 'เตียง,ตู้,โต๊ะ,พัดลม', NULL, '2,400 บาท', '170');
INSERT INTO `roomdetail` VALUES ('281', NULL, 'พัดลม', 'เตียง,ตู้,โต๊ะ,ฟูก,พัดลม', NULL, '2,700 บาท', '171');
INSERT INTO `roomdetail` VALUES ('282', NULL, 'แอร์', 'เตียง,ตู้,โต๊ะ,ฟูก', NULL, '3,700 บาท', '171');
INSERT INTO `roomdetail` VALUES ('283', NULL, 'แอร์', 'เตียง,ตู้,โต๊ะ,เครื่องทำน้ำอุ่น,ฟูก', 'ติด UBC เพิ่ม 100 บาท', '3,800 บาท', '172');
INSERT INTO `roomdetail` VALUES ('284', NULL, 'แอร์', 'เตียง,ตู้,โต๊ะ,เครื่องทำน้ำอุ่น,ฟูก', 'ห้องมุม ติดUBC เพิ่ม 100 บาท', '4,000 บาท', '172');
INSERT INTO `roomdetail` VALUES ('285', NULL, 'พัดลม', 'พัดลม ตู้ โต๊ะ', NULL, '2,000 บาท', '173');
INSERT INTO `roomdetail` VALUES ('286', NULL, 'พัดลม', 'เตียง,ตู้,โต๊ะ,พัดลมเพดาน', NULL, '2,500 บาท', '174');
INSERT INTO `roomdetail` VALUES ('288', NULL, 'แอร์', 'เตียง,ตู้,โต๊ะ,ฟูก,พัดลม', NULL, '2,900 บาท', '175');
INSERT INTO `roomdetail` VALUES ('289', NULL, 'พัดลม', 'เตียง,ตู้,โต๊ะ,ฟูก', NULL, '', '176');
INSERT INTO `roomdetail` VALUES ('29', '6x4 ตร.ม.', NULL, NULL, NULL, '7,000 บาท', '10');
INSERT INTO `roomdetail` VALUES ('290', NULL, 'แอร์', 'เตียง,ตู้,โต๊ะ,ฟูก', NULL, '', '176');
INSERT INTO `roomdetail` VALUES ('293', NULL, NULL, 'พัดลม โต๊ะ', NULL, '1,800 บาท', '178');
INSERT INTO `roomdetail` VALUES ('294', NULL, NULL, 'ตู้,โต๊ะ,พัดลม', NULL, '2,200 บาท', '179');
INSERT INTO `roomdetail` VALUES ('295', NULL, 'แอร์', 'เตียง,ตู้,โต๊ะ,ฟูก,โต๊ะเครื่องแป้ง', NULL, '3,100 บาท', '180');
INSERT INTO `roomdetail` VALUES ('297', NULL, 'แอร์', 'เตียง,ตู้,โต๊ะ', NULL, '3,000 บาท', '174');
INSERT INTO `roomdetail` VALUES ('3', '24 ตร.ม.', 'แอร์', NULL, NULL, '4,200 บาท', '52');
INSERT INTO `roomdetail` VALUES ('30', '26 ตร.ม.', 'แอร์', 'เตียงนอน,ตู้เสื้อผ้า,ชั้นวางทีวี,โต๊ะทำงาน,โต๊ะเครื่องแป้ง,', 'ทีวี ตู้เย็นมีให้เช่า', '4,200 บาท', '13');
INSERT INTO `roomdetail` VALUES ('31', '26 ตร.ม.', 'แอร์', 'เตียงนอน,ตู้เสื้อผ้า,ชั้นวางทีวี,โต๊ะทำงาน,โต๊ะเครื่องแป้ง,', 'ทีวี ตู้เย็นมีให้เช่า', '4,400 บาท', '13');
INSERT INTO `roomdetail` VALUES ('32', '26 ตร.ม.', 'พัดลม', 'เตียงนอน,ตู้เสื้อผ้า,ชั้นวางทีวี,โต๊ะทำงาน,โต๊ะเครื่องแป้ง', NULL, '3,400 บาท', '13');
INSERT INTO `roomdetail` VALUES ('33', '26 ตร.ม.', 'พัดลม', 'เตียงนอน,ตู้เสื้อผ้า,ชั้นวางทีวี,โต๊ะทำงาน,โต๊ะเครื่องแป้ง', NULL, '3,200 บาท', '13');
INSERT INTO `roomdetail` VALUES ('34', 'ใหญ่กว่า 26 ตร.ม.', 'แอร์', 'ตู้เย็น,ทีวี', 'ห้องสูท', '7,000 บาท', '13');
INSERT INTO `roomdetail` VALUES ('35', NULL, NULL, NULL, 'มีระเบียงด้านหลัง(กว้าง)', '5,000 บาท', '14');
INSERT INTO `roomdetail` VALUES ('36', NULL, NULL, NULL, 'มีระเบียงด้านหลัง(กว้าง)', '5,500 บาท', '14');
INSERT INTO `roomdetail` VALUES ('37', NULL, NULL, 'เฟอร์นิเจอร์พร้อม,มีทีวี 42 นิ้ว,มีไมโครเวฟ', 'มีระเบียงด้านหลัง(กว้าง),เป็นห้องสูท', '10,000 บาท', '14');
INSERT INTO `roomdetail` VALUES ('38', '25 ตร.ม.', 'แอร์', 'เตียงนอน,ตู้เสื้อผ้า,เครื่องทำน้ำอุ่น,ทีวี,ตู้เย็น,ไมโครเวฟ', 'อยู่ได้ 2 คน', '4,000 บาท', '15');
INSERT INTO `roomdetail` VALUES ('39', '25 ตร.ม.', 'แอร์', 'เตียงนอน,ตู้เสื้อผ้า,เครื่องทำน้ำอุ่น,ทีวี,ตู้เย็น,ไมโครเวฟ,โต๊ะเขียนหนังสือ,ชั้นวางรองเท้า', 'อยู่ได้ 2 คน,ติดถนน', '4,500 บาท', '15');
INSERT INTO `roomdetail` VALUES ('4', '21  ตร.ม.', 'แอร์', NULL, NULL, '4,000 บาท', '52');
INSERT INTO `roomdetail` VALUES ('40', '25 ตร.ม.', 'แอร์', 'เตียงนอน,ตู้เสื้อผ้า,เครื่องทำน้ำอุ่น,ทีวีจอแบน LCD 32 นิ้ว,ตู้เย็น,ไมโครเวฟ,โต๊ะเขียนหนังสือ,ชั้นวางรองเท้า', 'อยู่ได้ 2 คน,ริมน้ำ', '5,000 บาท', '15');
INSERT INTO `roomdetail` VALUES ('41', NULL, 'แอร์', 'เตียงนอน,ตู้เสื้อผ้า,เครื่องทำน้ำอุ่น,ทีวีจอแบน LCD 32 นิ้ว,ตู้เย็น,ไมโครเวฟ 2 ตัว(อยู่ส่วนกลาง),โต๊ะเขียนหนังสือ,ชั้นวางรองเท้า', 'อยู่ได้ 4 คน', '9,500 บาท', '15');
INSERT INTO `roomdetail` VALUES ('42', '24 ตร.ม.', 'แอร์', 'เตียงนอน,ตู้เสื้อผ้า,เครื่องทำน้ำอุ่น,ทีวี,ตู้เย็น', 'ห้องธรรมดา,อยู่ได้ไม่เกิน 3 คน', '3,500 บาท', '17');
INSERT INTO `roomdetail` VALUES ('43', 'มากกว่า 24 ตร.ม.', NULL, 'เตียงนอน,ตู้เสื้อผ้า,เครื่องทำน้ำอุ่น,ทีวี,ตู้เย็น', 'ห้องเชื่อม,อยู่ได้ไม่เกิน 3 คน', '', '17');
INSERT INTO `roomdetail` VALUES ('44', 'มากกว่า 24 ตร.ม.', 'แอร์', 'เตียงนอน,ตู้เสื้อผ้า,เครื่องทำน้ำอุ่น,ทีวี,ตู้เย็น', 'ห้องสูท,อยู่ได้ไม่เกิน 3 คน', '', '17');
INSERT INTO `roomdetail` VALUES ('45', 'มากกว่า 24 ตร.ม.', 'แอร์', 'เตียงนอน,ตู้เสื้อผ้า,เครื่องทำน้ำอุ่น,ทีวี,ตู้เย็น', 'ห้องมุม,อยู่ได้ไม่เกิน 3 คน', '', '17');
INSERT INTO `roomdetail` VALUES ('46', '4x4 ตร.ม.', 'แอร์', 'เตียงนอน,ตู้เสื้อผ้า,เครื่องทำน้ำอุ่น', 'มีตู้เย็น ทีวีให้เช่า,อยู่ได้ 2 คน', '3,700 บาท', '25');
INSERT INTO `roomdetail` VALUES ('47', '', 'แอร์', 'เตียงนอน,ตู้เสื้อผ้า,เครื่องทำน้ำอุ่น,ทีวี,ตู้เย็น', 'อยู่ได้ 3-4 คน', '5,500 บาท', '25');
INSERT INTO `roomdetail` VALUES ('48', '3.5 X 5 ตร.ม.', NULL, 'ตู้ โต๊ะ', NULL, '2,000 บาท', '70');
INSERT INTO `roomdetail` VALUES ('49', '3 X 5 ตร.ม.', NULL, 'เตียง ฟูก ตู้ แอร์', NULL, '3,000 บาท', '31');
INSERT INTO `roomdetail` VALUES ('5', '21 ตร.ม.', 'พัดลม', NULL, NULL, '3,000 บาท', '52');
INSERT INTO `roomdetail` VALUES ('50', '4 X6', 'แอร์', 'เตียง ฟูก ตู้ ระเบียง', NULL, '4,200', '31');
INSERT INTO `roomdetail` VALUES ('51', '4 x 10', 'พัดลม', 'พัดลม ระเบียง โต๊ะ ตู้', NULL, '2,800 บาท', '34');
INSERT INTO `roomdetail` VALUES ('52', '27-30 ตร.ม', 'พัดลม', 'ตู้ โต๊ะคอม โต๊ะวางทีวี เครื่องทำน้ำอุ่น เตียง ฟูก ระเบียง', NULL, '3,800 บาท', '32');
INSERT INTO `roomdetail` VALUES ('53', NULL, 'แอร์', 'ตู้ โต๊ะคอม โต๊ะวางทีวี เครื่องทำน้ำอุ่น ฟูก ระเบียง', NULL, '4,500 บาท', '32');
INSERT INTO `roomdetail` VALUES ('54', '4 x 3.5 ม.', 'พัดลม', 'ตู้ โต๊ะ ระเบียง', NULL, '2,500 บาท', '36');
INSERT INTO `roomdetail` VALUES ('55', NULL, NULL, 'เครื่องทำน้ำอุ่น ตู้ โต๊ะ โต๊ะคอม แอร์', NULL, '', '33');
INSERT INTO `roomdetail` VALUES ('56', NULL, NULL, 'โต๊ะ ตู้ เตียง ฟูก', NULL, '', '35');
INSERT INTO `roomdetail` VALUES ('57', NULL, NULL, 'เตียง ตู้ ฟูก', NULL, '2,500 บาท', '37');
INSERT INTO `roomdetail` VALUES ('58', NULL, NULL, 'เตียง ฟูก พัดลม ระเบียง แอร์ เครื่องทำน้ำอุ่น', NULL, '2,400 บาท', '38');
INSERT INTO `roomdetail` VALUES ('59', NULL, 'พัดลม', 'ตู้เสื้อผ้า  โต๊ะ 2   เก้าอี้', NULL, '3,500 บาท', '73');
INSERT INTO `roomdetail` VALUES ('1510', 'กลาง', 'พัดลม', 'มีระเบียง', NULL, '2,600 บาท', '151');
INSERT INTO `roomdetail` VALUES ('60', NULL, 'แอร์', 'ตู้เสื้อผ้า  โต๊ะ 2   เก้าอี้', NULL, '4,300 บาท', '73');
INSERT INTO `roomdetail` VALUES ('61', NULL, 'แอร์', 'ตู้ โต๊ะ เตียง', NULL, '3000 บาท', '75');
INSERT INTO `roomdetail` VALUES ('62', NULL, 'พัดลม', 'ตู้ โต๊ะ เตียง', NULL, '2500', '75');
INSERT INTO `roomdetail` VALUES ('63', NULL, NULL, 'ตู้ โต๊ะ เตียง', 'ริมระเบียง', '2800', '75');
INSERT INTO `roomdetail` VALUES ('64', NULL, 'แอร์', 'ตู้ โต๊ะ เตียง พัดลม', 'ริมระเบียง', '3200', '75');
INSERT INTO `roomdetail` VALUES ('65', NULL, NULL, 'ตู้ โต๊ะ เตียง', 'ริมนอก', '3200', '75');
INSERT INTO `roomdetail` VALUES ('66', NULL, NULL, 'ตู้ โต๊ะ เตียง', 'ริมใน', '3000', '75');
INSERT INTO `roomdetail` VALUES ('67', NULL, 'แอร์', 'ตู้ โต๊ะ เตียง ระเบียง พัดลม', 'ห้องกระจก', '3500', '75');
INSERT INTO `roomdetail` VALUES ('68', NULL, 'พัดลม', 'เตียง 5ฟุต+โต๊ะ+ตู้เสื้อผ้า', NULL, '3000', '81');
INSERT INTO `roomdetail` VALUES ('69', NULL, 'แอร์', 'เตียง 5ฟุต+โต๊ะ+ตู้เสื้อผ้า', NULL, '4000', '81');
INSERT INTO `roomdetail` VALUES ('7', '24 ตร.ม.', 'แอร์', 'โต๊ะ เตียง ฟูก ระเบียง', NULL, '4,700 บาท', '9');
INSERT INTO `roomdetail` VALUES ('70', NULL, 'พัดลม', 'เตียง 5ฟุต+โต๊ะ+ตู้เสื้อผ้า', NULL, '3000', '82');
INSERT INTO `roomdetail` VALUES ('71', NULL, 'แอร์', 'เตียง 5ฟุต+โต๊ะ+ตู้เสื้อผ้า', NULL, '4000', '82');
INSERT INTO `roomdetail` VALUES ('72', NULL, 'พัดลม', 'ตู้เสื้อผ้า  พัดลม', NULL, '2200 บาท', '83');
INSERT INTO `roomdetail` VALUES ('73', '', 'พัดลม', 'เตียง 5 ฟุต โต๊ะ ตู้เสื้อผ้า', NULL, '2800 บาท', '84');
INSERT INTO `roomdetail` VALUES ('74', NULL, 'พัดลม', 'เตียง 5ฟุต+โต๊ะ+ตู้เสื้อผ้า', NULL, '2500 บาท', '85');
INSERT INTO `roomdetail` VALUES ('75', '3.3x6 ตร.ม.', 'พัดลม', 'เตียง ฟูก พัดลม ระเบียง โต๊ะ เก้าอี้ ตู้เสื้อผ้า', NULL, '3000 บาท ', '86');
INSERT INTO `roomdetail` VALUES ('76', '3.3x6 ตร.ม.', 'แอร์', 'เตียง ฟูก พัดลม แอร์ ระเบียง โต๊ะ ตู้เสื้อผ้า', NULL, '3800 บาท', '86');
INSERT INTO `roomdetail` VALUES ('77', NULL, NULL, 'ตู้ โต๊ะ เตียง ระเบียง เก้าอี้', NULL, '', '87');
INSERT INTO `roomdetail` VALUES ('78', '4.2 X 3 ม.(หญิง)', 'พัดลม', 'เตียง ฟูก ระเบียง โต๊ะคอม ตู้เสื้อผ้า พัดลม', NULL, '2800 บาท', '88');
INSERT INTO `roomdetail` VALUES ('79', '4.2 X 3 ม.(หญิง)', 'แอร์', 'เตียง ฟูก ระเบียง โต๊ะคอม ตู้เสื้อผ้า พัดลม แอร์', NULL, '3500 บาท', '88');
INSERT INTO `roomdetail` VALUES ('8', '3x4 ตร.ม.', NULL, 'เตียง ฟูก ระเบียง เฟอร์นิเจอร์ เครื่องทำน้ำอุ่น', NULL, '5,000 บาท', '14');
INSERT INTO `roomdetail` VALUES ('80', '3.5 X 5 ม.(ชาย)', 'พัดลม', 'เตียง ฟูก ระเบียง โต๊ะคอม ตู้เสื้อผ้า พัดลม', NULL, '2800 บาท', '88');
INSERT INTO `roomdetail` VALUES ('81', '3.5 X 5 ม.(ชาย)', 'แอร์', 'เตียง ฟูก ระเบียง โต๊ะคอม ตู้เสื้อผ้า พัดลม แอร์', NULL, '3500 บาท', '88');
INSERT INTO `roomdetail` VALUES ('82', '3.2 x 4.2 ม.', 'พัดลม', 'โต๊ะคอม ตู้เสื้อผ้า เตียง ฟูก พัดลม ระเบียง', NULL, '2700 บาท', '89');
INSERT INTO `roomdetail` VALUES ('83', '3.2 x 4.2 ม.', 'แอร์', 'โต๊ะคอม ตู้เสื้อผ้า เตียง ฟูก พัดลม ระเบียง แอร์', NULL, '3200 บาท', '89');
INSERT INTO `roomdetail` VALUES ('84', '3.5 X 4.7  ม.(หอ1)', 'พัดลม', 'เตียง ฟูก ระเบียง พัดลม', NULL, '3000 บาท', '90');
INSERT INTO `roomdetail` VALUES ('85', '3.5 X 4.7  ม.(หอ1)', 'แอร์', 'เตียง ฟูก ระเบียง พัดลม แอร์', NULL, '3800 บาท', '90');
INSERT INTO `roomdetail` VALUES ('86', '3.5 X 4.7  ม.(หอ2)', 'พัดลม', 'เตียง ฟูก ระเบียง พัดลม', NULL, '3300 บาท', '90');
INSERT INTO `roomdetail` VALUES ('87', '3.5 X 4.7  ม.(หอ2)', 'แอร์', 'เตียง ฟูก ระเบียง พัดลม แอร์', NULL, '4200 บาท', '90');
INSERT INTO `roomdetail` VALUES ('88', '3 x 4 ม.', 'พัดลม', 'เตียง ฟูก พัดลม ระเบียง', NULL, '2500 บาท', '91');
INSERT INTO `roomdetail` VALUES ('89', '3 x 4 ม.', 'แอร์', 'เตียง ฟูก พัดลม ระเบียง แอร์', NULL, '3200 บาท', '91');
INSERT INTO `roomdetail` VALUES ('9', NULL, NULL, 'เตียง ฟูก ระเบียง เฟอร์นิเจอร์ เครื่องทำน้ำอุ่น', 'ห้องสูทเดี่ยว', '9,000 บาท', '14');
INSERT INTO `roomdetail` VALUES ('90', '3 x 6 ม.', 'แอร์', 'เตียง ฟูก พัดลม ระเบียง แอร์ ตู้เสื้อผ้า', NULL, '3800 บาท', '92');
INSERT INTO `roomdetail` VALUES ('91', '4 x 6 ม.', 'พัดลม', 'ตู้ใหญ่ โต๊ะ เก้าอี้ ที่นอน เตียง 6 ฟุต พัดลมเพดาน', NULL, '2500 บาท', '93');
INSERT INTO `roomdetail` VALUES ('92', '4 x 6 ม.', 'พัดลม', 'ตู้ใหญ่ โต๊ะ เก้าอี้ ที่นอน เตียง 6 ฟุต พัดลมเพดาน', NULL, '3000 บาท', '93');
INSERT INTO `roomdetail` VALUES ('93', '4 x 6 ม.', 'แอร์', 'ตู้ใหญ่ โต๊ะ เก้าอี้ ที่นอน เตียง 6 ฟุต พัดลมเพดาน แอร์', NULL, '3800  บาท', '93');
INSERT INTO `roomdetail` VALUES ('94', '4 X 6 ม.', 'พัดลม', 'เตียง ที่นอน 3 ฟุต(2เตียง/ห้อง)+ตู้เสื้อผ้า +พัดลม', NULL, '2800 บาท', '94');
INSERT INTO `roomdetail` VALUES ('95', '4 X 6 ม.', 'แอร์', 'เตียง ที่นอน 3 ฟุต(2เตียง/ห้อง)+ตู้เสื้อผ้า +พัดลม+แอร์', NULL, '3500 บาท', '94');
INSERT INTO `roomdetail` VALUES ('96', NULL, 'แอร์', '', 'ห้องใหญ่(ดาดฟ้า)', '4000 บาท', '94');
INSERT INTO `roomdetail` VALUES ('97', NULL, 'พัดลม', 'เตียง ฟูก พัดลม ระเบียง โต๊ะ ตู้เสื้อผ้า', NULL, '3,000 บาท', '86');
INSERT INTO `roomdetail` VALUES ('98', NULL, 'พัดลม', 'เตียง ฟูก พัดลม ระเบียง โต๊ะ ตู้เสื้อผ้า', NULL, '3,500 บาท', '86');
INSERT INTO `roomdetail` VALUES ('99', NULL, 'แอร์', 'เตียง ฟูก พัดลม ระเบียง โต๊ะ ตู้เสื้อผ้า เครื่องทำน้ำอุ่น', NULL, '4,000 บาท', '86');
INSERT INTO `roomdetail` VALUES ('1540', '3.5 x 5.5', 'พัดลม', 'ตู้ โต๊ะ เตียง  เก้าอี้', 'มีระเบียง', '2,600 บาท', '154');
INSERT INTO `roomdetail` VALUES ('1541', '3.5 x 5.5', 'แอร์', 'ตู้ โต๊ะ เตียง  เก้าอี้', 'มีระเบียง', '3,000 บาท', '154');
INSERT INTO `roomdetail` VALUES ('1542', NULL, 'แอร์', 'ตู้ โต๊ะ เตียง  เก้าอี้', 'มีระเบียง', '3,600 บาท', '154');
INSERT INTO `roomdetail` VALUES ('1512', 'ใหญ่', 'พัดลม', 'ตู้ โต๊ะ เตียง  เก้าอี้', NULL, '2,800 บาท', '151');
INSERT INTO `roomdetail` VALUES ('1513', 'ใหญ่', 'แอร์', 'ตู้ โต๊ะ เตียง  เก้าอี้', 'มีระเบียง', '3,000 บาท', '151');
INSERT INTO `roomdetail` VALUES ('1721', NULL, 'แอร์', 'เตียง,ตู้เสื้อผ้า,โต๊ะ,ฟูก', NULL, '3500 บาท', '172');

-- --------------------------------------------------------

-- 
-- โครงสร้างตาราง `zone`
-- 

CREATE TABLE `zone` (
  `zoneId` varchar(5) NOT NULL,
  `zoneName` varchar(50) NOT NULL,
  PRIMARY KEY  (`zoneId`)
) ENGINE=MyISAM DEFAULT CHARSET=utf8;

-- 
-- dump ตาราง `zone`
-- 

INSERT INTO `zone` VALUES ('z1', 'เกกี');
INSERT INTO `zone` VALUES ('z2', 'RNP');
INSERT INTO `zone` VALUES ('z3', 'FBT');
INSERT INTO `zone` VALUES ('z4', 'ซอยทิพย์วารี');
INSERT INTO `zone` VALUES ('z5', 'ริมสวน');
INSERT INTO `zone` VALUES ('z6', 'ไปรษณีย์');
INSERT INTO `zone` VALUES ('z7', 'ซอยจินดา');
